OrderId,OrderDate,CustomerName,State,City
d32b59cc-f75d-4592-98eb-e9219fc7cc23,2023-02-09,Kathryn Valentine,Delhi,Delhi
335b75ee-4485-4dfb-8f8f-8485aeccf123,2024-10-05,Rachel Diaz,West Bengal,Kolkata
266c21c2-e89e-4856-921e-e01891273f13,2024-09-30,Kimberly Walker,Odisha,Cuttack
e60a4bcc-8bed-4b19-8a05-9a73de25d49a,2024-05-19,Bryan Bell,West Bengal,Darjeeling
b950b7c8-7b0a-410f-a714-64565a1d53c0,2023-10-01,Lisa Hughes,West Bengal,Darjeeling
a38f3b37-ee91-4bbb-9533-d8ee820dd2c5,2024-03-15,Nicholas Harris,West Bengal,Kolkata
4579a933-a535-4616-ab59-e87734fa2941,2023-03-09,Douglas Lin,Delhi,Delhi
597563ac-4ae0-4de1-9846-51b3d553762e,2023-11-23,Casey Smith,Maharashtra,Mumbai
5b6b3cc7-5784-41f4-9225-9ba4e92766b4,2023-04-16,Gregory Adams,Delhi,Delhi
55f5430d-2470-46b7-80b6-33e2879619cd,2024-11-05,Gregory Good,Odisha,Cuttack
1e37171a-7a38-4be0-ae9b-976ec48b3502,2024-07-13,Hannah Cummings,West Bengal,Darjeeling
e33e8e1d-3d0d-40ef-a2e0-759d36f4fe6a,2023-03-11,Karen Cordova,Maharashtra,Pune
6798c77f-1581-473f-b0a9-569280ddcc7a,2024-10-31,Kathleen Moore,West Bengal,Darjeeling
cc8f1677-88a0-4f73-999d-bb068e07e146,2023-04-11,Jose Jennings,Odisha,Bhubaneswar
c4f400fe-df99-4f66-afc5-3e2f3e9f53c5,2024-05-23,Colleen James,Odisha,Puri
42e24680-7dc2-41c2-a019-60e7ff46fcdb,2024-03-27,Katherine Hall,Odisha,Cuttack
382fdf61-c003-41b2-90a6-c8966a36bf53,2024-02-28,Anna Watkins,Delhi,Delhi
d0e8893e-06ae-4ca4-b308-285662e3dfc7,2024-03-26,Mr. Kyle Garza MD,West Bengal,Darjeeling
8211a132-d4ba-4683-b536-c25ac9912d3b,2024-08-20,Regina Avila,Maharashtra,Mumbai
b7fcb4d9-8257-49c1-b62e-ad8ef4567a97,2024-02-05,Lisa Johnston,Maharashtra,Pune
23c5ea7d-5e1b-4cc6-93e5-d4ecdb5ec457,2024-04-28,Johnny Gray,West Bengal,Kolkata
32aebf75-6139-4cce-ae77-eb318bbf0315,2023-11-23,Christine Walker,Odisha,Puri
5a250ab5-59d0-40fd-9d9c-8253847eb7ce,2024-02-08,Amanda Vazquez,Maharashtra,Nagpur
75253d2f-333e-42c8-b7c6-6f24288bd815,2024-02-12,John Moody,Maharashtra,Mumbai
bb7e3c71-6ffc-4d0f-b09f-6f025f169636,2023-09-18,Elizabeth King,West Bengal,Asansol
33a53624-9d10-43c4-b334-440e8c37505a,2024-07-21,Garrett Pena,Odisha,Puri
653cc910-6f14-4db9-9f9f-28ad62d14303,2023-02-26,Mariah Choi,Maharashtra,Mumbai
f95692f0-dccf-49a6-b290-1b8beea9b62e,2024-12-15,Dr. Denise Rowe,Delhi,Delhi
75c1012f-fd01-4da3-8714-f95e970218a7,2024-01-31,Megan Estrada,Delhi,Delhi
deb4ea3a-1a82-4e68-b8ed-2efa6fbe2cbd,2023-01-12,Brian Neal,Odisha,Puri
3e0d5489-d4ba-40d3-9ffa-2b6b9a536830,2023-04-20,Kiara Hall,Karnataka,Mangalore
abd2b258-8b76-4edf-a9dd-39291eef0d0c,2024-01-21,Kim Gutierrez,Odisha,Bhubaneswar
5cf7692c-697d-4c74-889e-7d6263485518,2023-11-28,Ashley Edwards,Maharashtra,Mumbai
8245ede8-bcaf-4982-ac47-5bee069a3e7b,2023-01-31,Maria Hicks,West Bengal,Kolkata
987cf249-a981-43fe-b351-b225b31de273,2024-02-29,Tracy Walker,Odisha,Puri
c961c229-278e-47eb-89b7-8946d42ebac2,2024-06-14,William Hunt,West Bengal,Darjeeling
18a39524-3998-4f01-a32d-e04913771717,2024-10-20,Jamie King,Karnataka,Mangalore
3ec78aca-d5ed-45a0-9af1-4e76d27e669a,2024-02-29,Johnny Dyer,Maharashtra,Mumbai
22a2a17a-83c3-4e57-9b96-32aa8cade1fd,2024-01-14,Peter Burns,Delhi,Delhi
601dce61-1711-43bf-b9d1-c3bb0b1ab119,2023-02-14,Brenda King,West Bengal,Asansol
c0934465-b1b7-4589-b00c-f5c2b28405e8,2024-07-27,Timothy Daniel,Odisha,Cuttack
fc0f4499-610b-4259-b835-af47c909aa06,2023-12-04,Elizabeth Adams,Odisha,Puri
e00053b7-9fd9-4191-ae9b-1233fd582aa7,2023-07-03,Barbara Morrison,West Bengal,Kolkata
9f3941aa-de60-4f83-a732-c3da4677727d,2024-05-31,Tracy Wheeler,Karnataka,Bangalore
2e00e36f-0b0f-4e02-9e14-8ef5d4596825,2024-06-29,Russell Stewart,West Bengal,Darjeeling
7dd70051-f705-44d3-bef5-469a745b62c6,2022-12-25,Evelyn Rosario,Odisha,Puri
1941958f-58a8-468f-a293-43ab0a2de1db,2023-06-11,Joseph Wilson,Maharashtra,Mumbai
a65d2e8d-8444-4963-b6a5-0d99c6599592,2023-08-14,Teresa Lawson,Maharashtra,Pune
eb6f4d77-659b-47a5-bd9d-c3a8cad44a49,2024-11-16,Tony Boyd,Odisha,Puri
e8f7ffd7-840c-49aa-9e7e-5e9ffeaf7592,2023-03-05,Anna Collins,West Bengal,Darjeeling
018d7d2f-427d-427d-8a57-4ce55498ff80,2024-06-20,Marcus Stewart,Odisha,Puri
d967fc1c-2fdb-400e-806f-65a28565b5a8,2023-06-11,Michael Mendoza,Odisha,Bhubaneswar
e5611ca7-a599-425b-a789-96c85e7727bb,2023-02-07,Mark Barnes,Delhi,Delhi
1b3f6943-3cac-46d0-af68-243c3f6941dd,2023-03-08,Denise Sanchez,Karnataka,Mysore
ce8654f5-94e1-48af-aa8c-24424d63dca4,2023-04-09,Frederick Mccoy,Maharashtra,Pune
75b9e601-00e5-4caf-b10d-fb39603fad99,2024-08-28,Michael Cruz,Karnataka,Mysore
978bcce0-613a-484a-bcd2-1bba000f063d,2024-05-04,Grace Meadows,Karnataka,Mysore
a5bb227b-289f-447c-b449-aa4a9a8e75de,2023-07-17,Melissa Moran,Maharashtra,Nagpur
73b3106a-15e3-4ec5-ba35-7e8c8bad1070,2024-05-05,Anne Ross,Odisha,Bhubaneswar
52d8b4e2-a096-4342-8a64-8a5c9b1aa0db,2024-10-13,Veronica Rivera MD,Odisha,Cuttack
0b86017f-f729-4e1c-b8fa-e8fbbeaf8975,2024-10-30,Kristine Fitzpatrick,Maharashtra,Pune
27be593b-80ec-460b-8540-997bf2f4adec,2023-06-23,Amy Simmons,Odisha,Bhubaneswar
e049533d-976b-4287-b005-c15e5d5ce648,2024-12-08,Alexander Garcia,Delhi,Delhi
5edc3da3-0d73-4a7e-8830-69d944dfb870,2023-10-15,Samantha Davis,Maharashtra,Pune
ef72b2dd-09e2-433c-a698-e80d030ef609,2023-09-13,Olivia Perez,West Bengal,Darjeeling
ae780e24-0be7-4dd3-ba91-5b35993d0f3d,2024-01-08,Tristan Jacobs,West Bengal,Kolkata
ed1fdbe3-073b-4d7c-ac98-3bc8f0546576,2023-06-01,Jennifer Obrien,Odisha,Cuttack
c2dae8e7-da8d-4c23-bce7-c69b55eee867,2023-06-23,Sandra Rich,Karnataka,Bangalore
abce1e15-cf0e-48aa-ab90-c5b9e7ca3a64,2024-05-19,Susan Ross,Delhi,Delhi
267c1177-73cf-415a-aabe-5f033c8ea330,2024-03-21,Julie Valdez,Delhi,Delhi
49f362cf-bb09-4e23-9045-afdc1c5ebeb0,2023-11-05,Susan Foster,Karnataka,Mangalore
62c12f51-2a9e-4ef2-b399-18f2ee0816a1,2023-08-11,Sara Johnson,Karnataka,Mangalore
81d09717-0d52-4baf-a5de-aa1b535292d2,2023-06-24,Nancy Lopez,West Bengal,Asansol
75ca16c4-9735-46cb-b5d1-c4f7b3b5363e,2024-04-27,John Cohen,Delhi,Delhi
b1d730ad-6488-45ec-879a-06cef0ea6055,2023-01-24,Walter Copeland,Maharashtra,Pune
88f2795e-15ec-4e62-970c-d498e7ca1727,2024-02-29,Ronald Cameron,Odisha,Puri
6fab12ac-d788-4730-b053-7f7d8d94af0a,2023-11-03,Julie Parker,Karnataka,Mangalore
b930e422-afbc-4507-b40c-f701d16669ee,2024-02-07,Molly Chavez,Odisha,Puri
a3eb6fd6-68f4-413a-93d4-d43bf617e34a,2024-10-15,Kylie Hester,Karnataka,Mysore
9fbc1190-32cd-4a9a-805e-e72a8b40470d,2024-11-12,Jessica Bradford,Karnataka,Mysore
4a2abe7d-cbd2-47e1-b176-66ac432bcc6a,2024-08-15,Jason Smith,West Bengal,Darjeeling
2764248f-2450-46fe-b20e-9f4ddb9bb0bb,2023-10-01,Matthew Beltran,Karnataka,Mangalore
676dd5ec-1fa0-4381-9c83-0eddba317904,2024-11-08,Johnny Stanley,Maharashtra,Mumbai
11d1067d-f3d1-4ef4-90e2-030437ff8300,2024-10-21,Colleen Weaver,West Bengal,Asansol
8763dad7-810a-49e1-b613-1c3a397194a6,2024-02-29,Deborah Hoffman,West Bengal,Asansol
b144865c-018b-4af1-8fae-e02404de9017,2023-02-06,Carla Morris,Karnataka,Mangalore
0ecd8421-b9e8-4163-98cf-fa5e0922ab86,2024-09-05,Michael Cruz,West Bengal,Kolkata
53b5a4fb-e574-44cf-9ac1-e98bba817ac1,2023-09-26,Shawn Bradley,Karnataka,Bangalore
cf629af3-2426-4c99-816f-ec69428c1766,2023-09-19,Rachel Rojas,Delhi,Delhi
bb205bff-221a-4752-9bd6-a5737d3cf8ff,2023-05-11,Lucas Hamilton,Karnataka,Mangalore
6aafb839-ac1a-469a-bd91-11ac9079d909,2023-03-20,Russell Cruz Jr.,Maharashtra,Nagpur
1d81b23e-07cb-48b8-a705-b8a10cbbc76d,2024-01-05,Rebecca Reed,Odisha,Cuttack
acc36c95-e00b-4502-897d-968271a8bc38,2024-02-04,Judy Buchanan,Karnataka,Mysore
4a30bab9-ff2b-4ddb-acad-725d97caaba2,2023-11-25,Timothy Cruz,Maharashtra,Nagpur
25d83325-9986-4b22-b569-1e147836e5f2,2024-04-24,Patricia Miller,West Bengal,Darjeeling
8cab201d-18a3-4c0a-b270-81287abf3fc3,2024-10-26,Taylor Salazar,Odisha,Cuttack
00267a75-a27e-4654-ab83-b19b8ded724e,2024-08-29,Whitney Berry PhD,Odisha,Bhubaneswar
c5aa5152-8f0f-4500-ba9d-d508a87d3902,2023-02-16,Keith Stevenson,Karnataka,Mysore
fd52fbbf-95cf-4f5b-95ff-46e2e5cc570c,2024-01-02,Austin Lawrence,Maharashtra,Nagpur
20414502-4e70-4a74-90c5-cbde90cc6333,2024-07-11,Misty Watson,Karnataka,Bangalore
dcd55149-9376-4a71-a882-5502ed427c6c,2023-08-22,Anthony Horn,West Bengal,Kolkata
c78af29c-8514-4142-a752-d706397140f9,2024-10-21,Dr. Anna Nelson,Delhi,Delhi
f5c4b728-6b84-47b2-a511-7c6e36327ea5,2024-02-06,Daniel Krueger,Odisha,Puri
ca2a56c2-6fbe-472e-9649-91fbc7b6a79d,2024-04-22,Hector Williams,Karnataka,Mysore
9b22f3d1-453c-412c-b805-93a8726f54b7,2024-12-15,William Fernandez,Odisha,Cuttack
29cf113d-ca41-426e-915d-2e940e6508cc,2023-11-18,Jesse Johnston,West Bengal,Darjeeling
ea0c33b9-91a7-4609-baf2-2dda8260b3b9,2024-02-05,Jeffrey Curtis,Karnataka,Mysore
6b3a517b-1ca2-44a3-b722-17c820065d4b,2023-03-06,Maria Gomez,West Bengal,Kolkata
a3c6e4ef-7312-4923-97d1-6e25afce3640,2023-06-10,Daniel Castaneda,Karnataka,Bangalore
86a952d4-b3d3-4826-84bc-9cbb1f0036b6,2024-01-13,Jennifer Velasquez,Karnataka,Mysore
77846cb9-1c01-42ae-8c26-5861c0afab96,2024-11-05,Joseph Hernandez,West Bengal,Asansol
ddf739e6-14a6-4257-b4f0-3982c10a3fdd,2024-08-07,Antonio Hebert,Karnataka,Mangalore
70be1511-9da2-40f2-91b1-8febd42193f8,2023-12-25,Valerie Kennedy MD,Maharashtra,Nagpur
ecd0677c-9aa3-4fd5-bf96-2970ae25f347,2023-11-13,Lisa Cole,West Bengal,Kolkata
89e36384-1299-4459-8e72-5f34e44c490b,2023-01-22,William Doyle,Maharashtra,Pune
f116b85a-ced4-4a5a-9134-7ced4fbf4378,2024-01-31,Brandon Robinson,West Bengal,Asansol
8988721c-778a-41c3-bcce-fed2b38368ad,2024-02-07,David Adkins,Delhi,Delhi
71349045-ca02-43f5-82c9-d37c1d94b8a2,2023-07-16,Tiffany Newman,Delhi,Delhi
727dcd0b-ee30-42e8-bf71-caf1941772d9,2024-10-03,Lindsey Lutz,Karnataka,Bangalore
4491c471-174a-4dbd-b521-3376c7e588c0,2022-12-21,Tanya Hall,Delhi,Delhi
e67751c2-5ccf-4ffc-bae0-1b149099a63c,2024-05-26,Keith Best,West Bengal,Asansol
1551d14f-4162-458f-ad51-a69eb566d9cf,2023-12-16,Gina Mcdonald,Odisha,Bhubaneswar
b7e637e1-e2e9-41ef-9578-39aaa1964694,2023-10-15,Jessica Hawkins,Odisha,Bhubaneswar
1685cbc2-4cf7-4e05-afbf-881958a6ef2a,2024-01-09,Brett Walker,West Bengal,Darjeeling
1018b3ba-6fa1-4c4d-a389-368a96f3d795,2023-07-15,Kimberly Todd,West Bengal,Kolkata
b2b4ba4a-6d67-44c1-8d92-8e28c8fa13e9,2024-02-08,Eric Larsen,Maharashtra,Nagpur
d156226f-5c46-4ba8-9683-9df0b4812d5f,2024-07-25,Michael Jensen,Maharashtra,Mumbai
9e514a4a-810c-43dc-ad0e-ba0b7e12419e,2023-10-26,Timothy Nolan,Odisha,Puri
9c6ca456-6908-4eab-a736-3a16ed210ce0,2023-01-22,Jacqueline Mullins,Odisha,Cuttack
8fde3120-0ca0-462f-8c0e-45d0e7c2fbb6,2023-05-13,Jason Bartlett DDS,Odisha,Puri
9bf99358-d18b-4c8a-91db-e82eb238dffc,2023-01-06,Melinda Hayes,Karnataka,Mysore
4f23c24e-6a41-420b-bc88-28891492eb5b,2023-03-06,Anthony Willis,Delhi,Delhi
0fd20c12-55e0-4c9d-b2c4-5ea696a50820,2022-12-31,Patty Vega,Maharashtra,Mumbai
13ce814c-9e0d-4107-a9c4-47583aaa5063,2023-04-09,James Gray,Odisha,Cuttack
1267d2c1-1102-4e44-bc08-35bfc3007af0,2024-12-05,William Burke,Odisha,Bhubaneswar
5e3e3a0f-6e4f-4e56-a4d2-9278867e4b6e,2023-12-20,Xavier Patterson,Maharashtra,Pune
479865bb-b8fb-4412-b60a-4488ebed1bbc,2024-07-12,Kimberly Christensen,Odisha,Puri
f9804c29-008c-46ac-b4b5-3d5880dd11ab,2022-12-29,Robert Martin,Odisha,Bhubaneswar
9e9c2065-ea84-4282-9640-303f5d2b21e0,2024-10-25,Chad Herman,Karnataka,Mysore
195752a2-36a3-46ec-8ccc-9b864b100fcf,2023-08-29,Jake Thomas,Delhi,Delhi
043a3d30-278e-4ded-b538-ca24c839a600,2024-10-26,Lisa Lopez,Karnataka,Bangalore
82111c67-1ee1-4a95-8f0e-9e3a345a1f1a,2024-06-04,Donna Ramsey,Karnataka,Mangalore
d1c18b61-4a30-4c84-8a73-85bf91698a1a,2023-01-12,Richard Garcia,Karnataka,Bangalore
6a7d5fec-7f4d-402d-ba9e-e97cfa311d33,2024-01-02,Richard Kelley,Odisha,Bhubaneswar
bdbbbfa0-e12a-46ea-a3ef-40e180c23900,2023-08-23,Jo Aguilar,West Bengal,Darjeeling
e6019f0d-fc7d-4c54-a8f8-b15a0e274089,2024-09-24,Heather Johnson,Delhi,Delhi
5802978f-0de3-49f3-b3c6-30186198f7c5,2023-03-09,Daniel Bond,Odisha,Cuttack
f539588c-a8e9-4dd7-9dbf-7f414ccb4821,2024-08-15,Kelly Cunningham,Delhi,Delhi
2b77cb93-5efd-476e-abf0-74a89ff5d413,2023-07-28,Donna James,Odisha,Cuttack
20fb136a-52ed-424d-a206-ea2a72b56ec5,2023-10-17,Christopher Davis,Karnataka,Mangalore
9bfea062-3570-469e-96ec-87c89c38cdde,2023-06-16,Joseph Frost,Delhi,Delhi
cec9ebf5-c907-448a-8cf0-d5ff228d3cc8,2024-07-28,Heather Spencer,Odisha,Puri
34aec492-67ff-464b-b0ec-a14b7b470d27,2024-08-24,Gerald Palmer,Delhi,Delhi
e75553ce-ed29-4d10-a322-e7749048db83,2023-05-25,Cheyenne Weaver,Delhi,Delhi
68de2b6d-7b8e-4842-9961-970221c337fb,2023-02-02,James Dean,Karnataka,Mangalore
e8a2506d-0baa-4ed5-a349-4890fea99e08,2023-02-15,Christopher Small,Karnataka,Mangalore
7d4d0306-8a31-4f61-848d-806fde39cc2e,2024-05-17,Peggy Tanner,Maharashtra,Mumbai
69dd779f-6d75-4c8b-9438-7319d2f3718c,2023-05-31,Tammie Lynch,Karnataka,Mangalore
f6b03b16-90c7-4412-96df-6cebcba3757f,2023-06-02,Katelyn Greene,Maharashtra,Pune
a9774c72-3c09-4914-b0e0-528c934f0c14,2023-01-19,John Murillo,Delhi,Delhi
63896628-513d-47f3-8c08-fab730b65f89,2023-08-13,Melissa Mcbride,West Bengal,Darjeeling
a1420316-feb9-435e-a79e-a087bb0d238a,2023-12-26,Kevin Turner,West Bengal,Kolkata
4cca764d-79cb-4437-8a5f-8139651613d7,2023-10-08,Brian Johnson,Karnataka,Bangalore
44a7571d-6adc-4d7e-ac04-ef1cf5f4fa75,2024-09-25,Craig Chang,Odisha,Cuttack
93436228-8f35-4c8a-8af5-446c90602a11,2024-12-02,Lisa Miller,Maharashtra,Nagpur
f8c73146-2f2b-4222-b5af-76d4d1d29058,2024-08-21,Larry Castillo,Maharashtra,Pune
aa7cc33c-bb6b-4c11-94c1-ae1c97e0eecf,2024-06-16,Matthew Ramirez,Odisha,Bhubaneswar
71e75709-3b2f-4e46-8869-2cee04792f53,2024-11-13,Aaron Stevenson,West Bengal,Darjeeling
8ceb4b4e-5559-4cd4-9350-bdba3a6e23db,2023-04-03,Joshua Berger,Karnataka,Mysore
92bc22c8-5a0b-4fe2-927e-091df5ebad82,2023-01-15,Christopher Webster,Maharashtra,Pune
4e96f7f5-5be8-46b3-a828-34eed632fad9,2023-07-29,John Mason,Karnataka,Bangalore
eedcdbfe-df8b-45c9-a82f-826ec83c4af2,2024-04-15,Kelly Harris,Maharashtra,Mumbai
75b9cd1d-2016-4c1a-a1ac-ac35ba2f59f7,2023-05-07,Timothy Jordan,West Bengal,Darjeeling
d4d226af-6333-4ab4-9097-55d7df2203d9,2024-01-25,Diana Medina,Delhi,Delhi
6864e0eb-892c-4273-9cf2-80bf1f991820,2024-07-26,Sandra Hanna,Karnataka,Mysore
20679836-a31c-40b2-b48d-1b4cd56322a4,2024-01-11,Jimmy Mason,Maharashtra,Nagpur
18395dfe-d996-4e6f-909c-3a09f2286eff,2024-05-18,Connie Robinson,Odisha,Bhubaneswar
38f01611-c3e7-4395-803e-f3710951fc34,2023-11-16,Maria Reynolds,Maharashtra,Mumbai
913b4b6c-16d5-412c-b06b-e333644b8a43,2024-09-27,Kim Newman,Karnataka,Mangalore
4e27a049-26f6-4639-8981-1ccc19accb58,2024-08-30,Michael Jones,Maharashtra,Pune
f3b5bf48-da73-4132-a872-405a75f34d4e,2023-05-26,Susan Montgomery,Karnataka,Mangalore
6f16fca1-83d5-45ed-b79d-7e10dc42eb89,2023-08-10,Willie Zimmerman,Maharashtra,Pune
11eb9d11-6dc0-42a4-a9d5-81674e209025,2024-08-22,Karl Craig,Odisha,Cuttack
295f84d2-aaf8-4386-a303-6be8f6b5d198,2022-12-23,Douglas Gray,West Bengal,Asansol
4a2a6094-4332-4f7e-97f7-6f453af695b3,2023-04-06,Andre Spencer,Delhi,Delhi
45bee313-9ad7-487a-935c-168503f5568d,2024-02-27,Desiree Ortiz,West Bengal,Kolkata
90791548-418f-4866-8eb7-6afbeed2f32f,2023-07-08,Jesse Jones,Odisha,Puri
52a0a9b5-db1d-48a5-8aa0-fc21686eb8e6,2024-12-12,Karen Alexander,Delhi,Delhi
f8c5e37d-b5d1-4fe4-abf0-be88f8848c16,2023-09-15,Tammy Dawson,Karnataka,Bangalore
f9c2a7ac-1466-43fe-964c-4448f55022c6,2024-06-14,Beth White,Maharashtra,Nagpur
02503a40-c7d2-4b05-af4c-6786955416de,2024-10-16,John Scott,Delhi,Delhi
968568aa-45da-4945-9acb-75a639c1385c,2024-08-13,Jerry Diaz,Odisha,Puri
7cba16dc-febf-4b44-b973-151c32621e43,2024-08-22,Anne Cruz,Maharashtra,Pune
1a1e0cae-2c79-4583-922f-6b746bf5c05e,2023-01-19,Christina Meadows,Maharashtra,Nagpur
80f41c10-7d75-4fd8-9170-274201d894a1,2024-02-14,Alisha Ramirez,Odisha,Bhubaneswar
349cc31e-ed42-4fa8-b20a-da93610ddd8e,2023-12-03,Barbara Cruz,Karnataka,Mangalore
41d3cd1d-15e4-4048-82b1-e1dc8118eebf,2023-04-18,Suzanne Clark,Karnataka,Mangalore
389da924-cb9e-4ceb-9b6e-fdaaa72abed1,2023-03-25,Donna Mack,Delhi,Delhi
b75d1859-6b90-41c4-b556-c1d140756f3a,2023-09-01,Ethan Whitney,Maharashtra,Mumbai
37696de5-19bd-4778-a855-a004e77c7785,2023-03-03,Albert Cruz,Delhi,Delhi
656ec65c-bf3c-4cc9-a768-911bbb7682b0,2023-06-30,Erin Casey,Delhi,Delhi
57034975-eb74-4a40-916d-750d950ac0af,2023-03-01,Jonathan Berry,Odisha,Bhubaneswar
d62e35dd-6bc0-4dd8-b9f7-3be93984f587,2023-12-29,Jamie Jones,West Bengal,Kolkata
d74b39c6-fe10-4375-b8fa-13c776b31925,2023-03-01,Paul Lee,Odisha,Puri
1e962f8e-e411-45e0-8f39-5f3e2b2c2079,2024-01-01,Ryan Montgomery,Karnataka,Mangalore
24904a93-f067-4e3a-b1b4-56fcf57eeca6,2024-01-31,Jennifer Boyd,Delhi,Delhi
67c89973-78bf-4197-87a5-dd2605a4f272,2024-05-08,Marco Dean,Delhi,Delhi
beed6231-2d93-4d08-9ad1-24a67a8bc12a,2023-12-17,Nicholas Smith,Maharashtra,Pune
a6bb3f2f-d296-4863-a4a5-08bf4a9d1115,2023-06-29,John Jimenez,West Bengal,Asansol
6ae0a6aa-26c4-4df0-abb4-f04a86428d07,2024-11-23,Andrea Nguyen,Odisha,Cuttack
d392de0e-257f-41fe-b0bb-ae8d43c0cc5d,2023-07-03,Zachary Archer,Odisha,Cuttack
c5b28df2-58c3-4a0f-a551-e86cf0bebcb6,2023-06-18,David Wells,Maharashtra,Pune
c82b906e-e785-4ca8-95bd-30f0e4f37ea0,2024-10-21,Mark Alexander,West Bengal,Darjeeling
a8694589-cecc-44bd-a893-5b98d0e81401,2023-02-12,Timothy Bates,Odisha,Bhubaneswar
d9bd1319-a72b-4d0f-8b20-0f741121367b,2024-06-03,Alison Hill,Karnataka,Mysore
051093a9-7eec-405e-b942-fe106018f0e1,2024-07-23,Yolanda Kelly,Karnataka,Mysore
0dba3d59-aba3-41d3-ab54-cbc9ed9a7c20,2024-02-10,Tyler Thompson,Karnataka,Mangalore
62abbab1-a940-492d-b93f-b25cf627e085,2024-01-14,Katrina Miller,Karnataka,Bangalore
71c07ebd-1ced-4181-b9f3-4ed6495bcf78,2024-01-21,Joseph Hill,Karnataka,Mysore
10a051aa-dbf9-4192-8492-a13126ae48cf,2023-12-18,Gary Miller,Delhi,Delhi
32e5f338-9677-46ca-9b20-e2db207d4973,2024-01-19,Cathy Hanson,Odisha,Cuttack
28d1e3c7-cace-444e-a055-ef23e9918178,2023-03-08,Thomas Wilson,Maharashtra,Nagpur
51105b3e-8f08-4746-98cd-8aeb5287657e,2023-09-11,Kevin Smith,Karnataka,Mysore
e9c23d0e-aa60-439b-a429-cb0f6fc085a8,2023-01-11,Margaret White,Maharashtra,Pune
9f534f25-8d8d-41e7-a639-ba56b9c55cd2,2024-07-26,Lisa Mcpherson,Maharashtra,Mumbai
0e0a221e-fc50-4e89-88d3-37b33f683826,2024-04-05,Bryce Rangel,Maharashtra,Pune
897ce0b4-3d2a-486d-8cff-5589505a8529,2024-10-18,Tamara Hodge,Delhi,Delhi
e85424ac-9f07-4640-b8c4-5f1ea806530f,2023-09-29,Megan Powell,Maharashtra,Mumbai
ee4354e4-f3b3-4f8e-b110-8863d8a4e2c9,2023-11-09,Jerry Montgomery,Delhi,Delhi
f57987f2-d94a-4889-a5af-3b85ecea582e,2023-06-22,Matthew Lopez,West Bengal,Kolkata
5422b03b-082a-402d-a75a-d4a12ef0732e,2024-09-26,Amy Tran,Karnataka,Mangalore
0e7d9a12-68c7-4823-8a26-775a098dbaea,2024-03-24,Todd Weber,Odisha,Bhubaneswar
562a459b-03c4-4fd9-b14c-a47cd8bbf99f,2024-01-21,Mary Smith,Maharashtra,Pune
01263d98-6547-4d5d-9441-52598ace820d,2024-12-18,Samuel Phillips,West Bengal,Darjeeling
d61c43dc-4277-4270-b624-d2080a77e0ed,2023-03-30,Jonathan Griffin,Maharashtra,Nagpur
e7c8752a-7468-4f99-a089-62a0cd43b03d,2024-07-14,Erika Gonzalez,Karnataka,Mangalore
d2dd5777-0c3c-4750-bcdb-4b7f3499f16d,2023-09-29,Bridget Orozco,Karnataka,Bangalore
bba63de7-bcd9-4fe9-ab82-e875c6ebef2e,2023-09-12,Oscar Payne,Karnataka,Mangalore
58a1d6aa-3db3-4d9a-b29f-adf13fc4b592,2023-01-05,Daniel Richardson,Karnataka,Mangalore
96709609-7af0-46a7-878a-45f9a2baa3d4,2024-05-06,Rodney Sawyer,Karnataka,Mysore
daf9cf91-5f94-43c2-9fdf-cef7fbd30dfb,2023-09-16,Elizabeth Hanna,Karnataka,Mangalore
2bfd27bb-5baa-4384-89d9-95af90b02b7e,2024-08-05,Monica Lee,Karnataka,Bangalore
38ad3871-0dd5-4a76-984b-0130bf558e1d,2024-04-10,Andrew Norton,Delhi,Delhi
8cf5030d-d868-4c90-8297-d734535d7030,2024-04-19,Tammy Poole,Karnataka,Mysore
640dbc35-6b14-4766-8b8b-1290c6157c0f,2023-07-12,Angela Vaughn,Karnataka,Mangalore
9869b021-e23b-40f4-a965-ae96ec5e230f,2024-03-05,Nathaniel Ferguson,West Bengal,Asansol
30f554db-eebe-4de7-a7f9-e7db346ceca7,2024-05-25,Joseph Jackson,Karnataka,Bangalore
ac8ee3ed-3873-4cb4-b0c6-a2fefe7ea01d,2023-12-25,Stephanie Kelly,Maharashtra,Pune
4a43fd84-6563-46f2-84a9-8a5795c5f3a0,2024-02-15,Craig Thompson,Karnataka,Mysore
a86c584d-d0eb-4562-8413-b9aa5c1ac389,2024-06-29,Kevin Sanchez,West Bengal,Kolkata
081c8cab-9e65-4517-85ca-4938a1f3ecb8,2023-03-18,Michael Roberts,West Bengal,Darjeeling
a1ec0a69-e3e7-477b-9dec-74d67f671525,2023-08-03,Greg Davis,Maharashtra,Pune
3e8b2613-ef22-4e87-b593-4cbbb6f97a18,2024-05-25,Tonya Landry,Delhi,Delhi
69d41e72-a205-4189-90a9-d626c407fe61,2024-09-02,Tina Gordon,Delhi,Delhi
555d7ffe-7772-4337-99fb-b7aa5331916b,2024-12-04,Olivia Lawrence,Maharashtra,Pune
3bba95c0-54c3-4c35-92ff-cbbbd9f14d5f,2023-08-16,Bonnie Lin,Karnataka,Mangalore
fe6b46aa-7f02-4301-a2ef-94ed44a02bd9,2023-03-31,Norma Warren,Maharashtra,Mumbai
fd543e96-1fd6-48bd-9cb7-b33ce92f1d0f,2023-07-31,Mikayla Robinson,Maharashtra,Pune
2a4f3760-7724-40e5-a870-5827d276566a,2023-10-11,Amanda Collins,West Bengal,Kolkata
099db7f0-cf65-45d5-b340-253eb3866a73,2024-11-27,Kimberly Wood,Delhi,Delhi
f4f0a51b-7db9-46ad-948a-6cd06c5642f9,2024-01-10,Stephanie Ray,Delhi,Delhi
d702d5bb-728d-4f9d-9b04-3880eeea4d6f,2024-08-27,Crystal Carlson,West Bengal,Kolkata
deca6e1f-8830-4a86-a0db-33ec1a3638c3,2023-04-11,Sydney Barnes,Maharashtra,Mumbai
67567d61-a7ae-4fa2-8578-bd1dbce6addb,2024-12-11,Richard Carney,West Bengal,Asansol
773a3ce4-9abe-409f-93f2-16be0984feed,2024-05-02,Stacy Orr,Odisha,Bhubaneswar
2877c161-9230-43de-93a0-c0d82906a0f3,2024-04-11,Melissa Brown,Odisha,Cuttack
ae1c2b25-5617-48a3-a8f8-ae80d8da6fa1,2023-01-17,Victor Gallagher,West Bengal,Asansol
bd27b060-4ef7-418f-9afc-577b693aa091,2024-12-14,Madison Pope,Odisha,Bhubaneswar
1cec84e1-1c0d-483f-b8b8-a8d8acbef694,2024-12-12,Jamie Hopkins,Delhi,Delhi
1ce53a0c-1b16-45e9-ab7d-c1ee322eba04,2024-11-14,Christopher Reid,Odisha,Cuttack
86dca92c-6926-4239-91ec-a7f17a0c369e,2024-03-27,Stephanie Franklin,West Bengal,Kolkata
26204d66-4cf2-4c22-a92e-ba937bbfd47f,2024-06-17,Michael Nixon,Karnataka,Mangalore
afc72806-9e2e-4208-8d77-c37fc5e8f056,2023-03-28,Rachel Bailey,Maharashtra,Pune
7365903d-7440-436d-a674-3dd7841103d9,2023-07-17,Jeffrey Gibson,Odisha,Bhubaneswar
b51f7532-3b0f-46a7-9ebf-8dc09805cbfc,2024-01-05,Richard Marshall,Maharashtra,Nagpur
cf50f8b7-741d-482d-9e52-edcb66fb5201,2024-06-09,Dr. Brandon Lutz,West Bengal,Kolkata
9b89ed51-153b-438e-bcef-b460d45ca0e1,2024-06-06,Nicole Ward,Maharashtra,Pune
a01ab682-e2ec-4487-bfcd-796313a5f72c,2023-08-22,Aaron Kirby,Karnataka,Bangalore
b18ecf6a-3a60-4514-bece-7bca04f49aca,2023-02-18,Lynn Schultz,Delhi,Delhi
600354d5-2089-465a-8740-ae7129f75f1f,2023-09-08,Donna Hayden,Maharashtra,Mumbai
a5aed46c-8f6f-4c46-b673-88ed0911ccab,2023-02-10,Kevin Miller,Delhi,Delhi
2d4c9556-9977-458b-9636-732221c02362,2023-11-27,Kim Duke,Maharashtra,Mumbai
c17fba44-fd8a-402f-b3d0-0deb9305eaa9,2023-11-10,Bryce Torres,Maharashtra,Pune
fa114a3d-70bf-4e23-b009-ffa4f0b8b085,2023-10-29,Tracy Clarke,Maharashtra,Nagpur
a50ea1c2-5c92-4245-b457-5282335c1e56,2024-01-08,David Maldonado,Karnataka,Mangalore
4361b14f-ff66-4816-bb5b-156cac6d1ff5,2023-01-26,Richard Kim,Karnataka,Mysore
3b795b50-c050-4dea-a6a5-775cc67b59a0,2023-08-25,Antonio Michael,Odisha,Cuttack
60d91a92-aaf3-4e9c-bfd6-150fbe82741b,2024-12-07,Gregory Thornton,Delhi,Delhi
3ac6dd42-b7e3-433e-aa48-e6071315b6ff,2024-12-15,Sara Brooks,Karnataka,Mangalore
6325ccc1-9fde-4698-b84e-3e27cbb514ba,2023-05-10,Donna Rodriguez,Karnataka,Mangalore
f97c0680-6148-4485-914e-4265bf0adc76,2022-12-28,Ann Jensen,Odisha,Puri
029157f5-099d-4907-aedf-ce4780dc9437,2024-05-18,Erica Franklin,Karnataka,Mysore
fa0d75cb-d594-4abe-a5cb-979e4053f08d,2023-06-24,Curtis Adams,Karnataka,Mangalore
5f454106-f0a0-4648-849c-195a15cbf106,2024-10-17,Samantha Deleon,Karnataka,Mysore
68af62fd-8e42-4217-86cc-6bf4d6e404c4,2023-06-20,Donna Taylor,Odisha,Puri
4e658ba2-fc46-4e2d-9454-b59c3d175f15,2023-09-12,Marissa Mendez,Odisha,Bhubaneswar
9ae7b87f-6b7d-4b62-8064-a7aef7708703,2023-10-24,Christopher Melendez,West Bengal,Asansol
018378bc-33fe-4693-b66b-69d312dd2686,2024-07-06,Justin Peterson,Maharashtra,Pune
2c0f3efc-c243-46bb-9987-77de1cd46065,2024-02-05,Patricia Valentine,Maharashtra,Nagpur
e04c74db-1f33-4426-8228-ab36e1518b86,2023-09-09,Kathryn George,Odisha,Bhubaneswar
b4240018-849d-42e5-a442-cd685042b6ea,2024-06-30,Tara Miller,Karnataka,Bangalore
f4523ce5-83c2-40ad-a413-56353d10c3df,2024-08-18,Emily Stone,West Bengal,Darjeeling
1874f4d3-62f1-44c1-b82c-f203980f9cdb,2024-04-27,Mr. Michael Young,Delhi,Delhi
613925b1-0e2f-4eeb-a89d-6b3c20e0ead9,2024-12-09,Stacey Dixon,Maharashtra,Nagpur
81b078f1-f763-4a01-a749-41ea57dcb1ec,2023-06-16,Kevin Bernard,Odisha,Puri
d11b294d-549a-4a5a-81b1-7af0cbd03405,2023-02-14,April Frazier,Odisha,Bhubaneswar
9b08863b-9b3f-4405-b86a-42426f91bcde,2023-06-07,Marvin Evans,Delhi,Delhi
8d047af2-259b-487e-a3ab-d50de4a2d6f1,2023-01-16,Theresa Riley,Odisha,Cuttack
e3d20ce0-4333-4a64-9984-1bd727aaca80,2023-12-07,Nathaniel Tran,Maharashtra,Pune
c52206d2-df1c-4ebc-bd80-b59998ae5a1d,2023-10-01,Laura Chapman,Maharashtra,Mumbai
ff68233a-3d29-44b8-8cf0-ae814db2063f,2024-02-07,Jamie Gonzales,West Bengal,Darjeeling
78ac18a6-3616-4d3e-a83a-5c2d0c6336f7,2023-12-16,Elizabeth Banks,Maharashtra,Nagpur
75151097-6ba9-4e72-9d17-22e0433982c5,2024-05-11,Jacob Garcia,Delhi,Delhi
ee7e5e4c-8fbe-46a5-ae42-e2be5da466a2,2023-08-22,Casey Rivera,Delhi,Delhi
9086fdbe-4893-430c-a5bd-adadda9be107,2023-12-21,Keith Yu,Karnataka,Mangalore
b6fb8bb3-dcd4-43f8-b80d-cce0e3a574a6,2024-05-22,James Mitchell,Delhi,Delhi
d2ead549-4ca8-4b7b-b26d-8c49285692e5,2024-07-23,Mariah Day,West Bengal,Kolkata
0be792cb-156b-42a9-b704-f852d7122804,2024-01-12,Timothy Crosby,Delhi,Delhi
caf25e9c-8675-45c0-8f1b-d723926f816f,2023-08-18,Michael Brooks,West Bengal,Asansol
016c9172-fed9-4151-8169-73ffe72dba64,2024-10-21,Brandon Roberts,Odisha,Bhubaneswar
662e9310-a0c9-4c8c-97e9-e4a33d6a4937,2024-09-10,Alicia Moody,Delhi,Delhi
db04609c-5277-49f3-aaa7-0fd337960dcf,2024-03-26,Alexandra Gonzalez,Delhi,Delhi
74c8bf04-c694-499b-b7b4-69aa049be036,2024-05-09,Jessica Miller,West Bengal,Asansol
97370835-c62d-4e0a-b4d6-3275f4c0c243,2023-12-01,Robert Shannon,Delhi,Delhi
2a4a84d4-c57a-41fa-b369-2a4f7d00656d,2024-02-02,Michael Robertson,Delhi,Delhi
5f331f1d-7325-46aa-b087-14314d4e17e3,2023-02-03,Tyler Stewart,West Bengal,Kolkata
556ef453-15f4-49a1-8c7b-400c33d92695,2023-08-10,Kelli Green,West Bengal,Asansol
b48a7e13-212e-4bad-bc0a-333cf1afd92a,2023-09-07,Jacob Rose,Karnataka,Mysore
ebef8707-1db5-43b7-96ed-baabfa537dbf,2024-07-21,Brenda Garcia,Delhi,Delhi
7d1d59a1-89db-4a9a-bf91-760c404690a5,2024-09-27,Jenny Jackson,West Bengal,Darjeeling
675f139a-51a6-43fb-a9cf-df95cffb0adc,2024-04-18,Andrea Garner,Maharashtra,Pune
abadd25f-657d-4956-b312-daf304e44d55,2023-03-20,Mason Ramirez,Karnataka,Mysore
bd970abb-d0fa-4342-99b4-bd89c324a860,2024-09-23,Megan Barnes,West Bengal,Kolkata
a58d575a-2610-4668-bcbe-1ca3555f155f,2024-05-13,David Lopez,Delhi,Delhi
ae4f94f6-5311-4586-a495-c9850647529f,2023-05-21,Deborah Cantrell,West Bengal,Darjeeling
a860695e-4d82-4a6a-819e-7545ce170fe4,2023-03-26,James Lee,West Bengal,Kolkata
18835ff4-4604-473e-aa7f-993e9d1d5620,2023-04-21,Gregory Moody,West Bengal,Kolkata
c37999e4-012d-47a3-808f-bca5566e85c2,2023-07-30,Robert Cox,West Bengal,Darjeeling
337918de-68c4-496a-b173-4cbe956e1a5b,2023-07-14,Kyle Brown,Karnataka,Mangalore
dd711ec3-169e-4948-9c80-13920cbacd6e,2024-03-18,Robert Hudson,West Bengal,Darjeeling
e4946e00-d98e-4788-8d69-27646d8ef2fe,2024-07-15,William Burgess,Maharashtra,Mumbai
f0cbaf0b-df30-4bbd-a126-8ecb5ae36b20,2024-05-03,Patrick Wolf,Delhi,Delhi
afcafce7-dfbe-4c51-9d37-7b88b8bc1ab0,2023-07-07,Joseph Carter,Karnataka,Mangalore
5777395d-db7e-4a3a-b97e-34cf6dcfff93,2023-11-16,James Butler,Odisha,Bhubaneswar
6d412253-6f3a-4855-a631-c6769be36dba,2024-02-10,Natasha Nielsen,Maharashtra,Pune
1489bea2-e509-4c97-b0af-caa4f6e7c667,2023-12-19,Brittany Mcfarland,Delhi,Delhi
eea88b17-53d6-4713-b8f0-7261f50ae9c1,2024-02-23,Ashley Howard,Maharashtra,Pune
e7f2f387-4cf1-49ee-a9d9-20b5192b8e11,2023-09-06,Courtney Clark,Odisha,Puri
5b741ec4-56e3-40b1-9830-868639b6481f,2023-08-03,Anne Greene,Karnataka,Mangalore
14a96d73-340a-4f98-bcc2-2a700608d802,2024-10-16,Erika Rollins,Maharashtra,Mumbai
f6b1f27b-7123-4cc0-a22a-26bdd54eb5a4,2023-04-12,Vincent Bartlett,Odisha,Bhubaneswar
b4d02a77-d114-4d02-b6ff-fddc75fa0248,2023-01-15,Jacqueline Massey,Delhi,Delhi
8a08f3d8-db47-4a8a-ad1b-77e74e2ba324,2024-04-24,Bill Daniel,Odisha,Puri
c3bd5314-3eee-49ca-a937-dc3ca59e5d7c,2024-07-10,Nicole Keith,Odisha,Cuttack
8cf5ed51-2c1c-4370-a1e0-986651392df1,2024-09-07,Kimberly Smith,Delhi,Delhi
825902b1-1314-41ea-86d2-3e9e4ac47751,2023-06-18,Justin Lopez,West Bengal,Darjeeling
273127fc-8fb5-4713-8a3c-52ca0d5364f9,2023-09-18,Devin Gallegos,Maharashtra,Mumbai
58c6811c-8ae1-4ee9-bb82-7cf834ab60ae,2024-10-19,Matthew Wade,Maharashtra,Mumbai
012998e1-1402-439e-96c5-07fe4e9f0008,2024-08-02,Megan Allen,West Bengal,Kolkata
f2f9db75-982a-4b01-942c-e1d87ec70af3,2023-12-15,Francisco George,Karnataka,Bangalore
e2658562-a81f-4fa4-b6bb-2c97e4b9c6be,2023-02-16,Christopher Cisneros,West Bengal,Asansol
0fb3fd74-2865-47ac-a418-6a44314c0e42,2023-05-10,Katrina Webster,Delhi,Delhi
0fdfb1d2-d839-47aa-b993-421e12d1ffa5,2023-02-04,Diana Lloyd,Karnataka,Bangalore
ef4e42be-e519-4b91-b7fb-e1c228b201a2,2024-09-24,Jacqueline Christian,Odisha,Bhubaneswar
42423dc8-0490-42ca-9a66-6b0321a614c7,2024-11-13,John Miller,West Bengal,Asansol
c478432d-8601-4d9c-a133-86b1f6884264,2023-04-02,Stacey Murphy,Delhi,Delhi
1b367a1c-595a-40dd-b3cc-fff632560717,2024-08-08,Tiffany Sanchez,Karnataka,Mysore
c8f8573a-4292-4132-9c72-47bb470f00ca,2023-09-27,Luis Blankenship,Maharashtra,Pune
d956b31c-36e2-48fc-971e-046351357e76,2023-04-07,Lisa French,Odisha,Puri
1b3327a8-4df6-4653-858c-afcaec82b71a,2023-02-02,Christopher Maynard,Delhi,Delhi
15ec16ad-9598-4000-8cae-86e7c29ee9f9,2024-08-24,Madeline Hayes,Karnataka,Bangalore
8d9cb523-234f-4ef3-a4dd-b5a23e791902,2023-10-25,Kevin Arnold,Maharashtra,Pune
a7e31cd3-ab3f-4550-8650-ad5930cff716,2024-02-18,Michael Henry,Karnataka,Mangalore
f9406c42-26c3-4ccd-ac49-7ef483b0b2f3,2024-05-18,Jennifer Richards,Karnataka,Mangalore
3a25cc04-38b1-4737-baf2-31bb378dc916,2024-06-26,Sharon Rivera,Odisha,Cuttack
20d6500e-dcde-4fce-9fb7-ad795a17156c,2023-03-31,Monique Newton,Karnataka,Mangalore
cb15855f-e78b-4aa3-8a3c-2cc846d7acd0,2023-03-02,Courtney Ochoa,Karnataka,Mangalore
6c53b1a7-08d5-4686-8d6a-bf9a2b9fbb9f,2023-12-08,Steven Pittman,Odisha,Cuttack
9e0df8fa-5630-42c7-9483-6551d67ec8e0,2023-01-26,Amy Russell,West Bengal,Asansol
c55c56dc-7f9a-4058-9a5a-d833cddf454d,2023-11-18,Kelly Gallagher,Maharashtra,Pune
c8bdfced-9120-40dc-bfb7-c8a508430525,2024-01-01,Matthew Gilbert,Delhi,Delhi
5f1262e7-f7b1-4453-a24a-45e1b0845787,2023-10-22,Nathan Wilson,Delhi,Delhi
6c4905ce-6124-4b31-bb59-1c52cb47bea5,2024-06-11,Kathryn White,Odisha,Bhubaneswar
7cec8424-8993-47b6-a0fe-4e13b93a1af3,2024-11-15,Douglas Crawford,Odisha,Puri
8b5148cd-252b-4500-8952-71e5cb2c508d,2024-11-04,Cindy Dominguez,Delhi,Delhi
3ff83f82-3152-4747-adca-caa7db56baf4,2024-12-08,Dr. Jerry Baker MD,Maharashtra,Nagpur
428f4b67-8484-4914-b074-12e677dc044d,2024-08-30,Gary Marquez,Delhi,Delhi
f80a20f7-5d62-40f3-a021-826ea389daa7,2023-03-02,Jerry Richardson,Maharashtra,Nagpur
1ab54187-8ffb-4f37-a389-cda5ed90e0e6,2024-05-28,Betty Galloway,Delhi,Delhi
a7bcfdc8-b90e-4ab3-9716-1718680b6d0b,2024-04-11,Kelly Williams,West Bengal,Darjeeling
b6f0235a-0b04-47a9-9c97-277cd0992975,2023-03-17,Heather Rogers,West Bengal,Kolkata
56d3635d-74c0-4fb1-b4cf-6f7c9d4b8bfa,2024-10-20,Katherine Stanley,Karnataka,Mysore
6c472a0e-efb5-4a70-afc6-77546388b2c9,2023-04-23,Richard Davis,Delhi,Delhi
d69c00c2-c524-41d1-b444-9cb481a9843f,2023-02-16,Benjamin Johns,Delhi,Delhi
2c02c561-9eca-4fe8-9155-c766ea6ae2ad,2024-07-17,Angela Johnson,West Bengal,Darjeeling
520ee337-fd65-44b3-836a-dee53b9599bd,2024-02-24,Jennifer Cole,Delhi,Delhi
5d2498a2-2491-4770-af89-005805bc8e97,2024-03-15,Jose Rodriguez,Delhi,Delhi
fe941c36-644c-4cd4-bcac-8b13d1d8d86d,2024-10-07,Alexis Gutierrez,West Bengal,Asansol
c8792545-5836-4a19-8670-572b4da9197c,2024-04-11,Robert Bennett,Delhi,Delhi
81458a9d-6056-4a32-be19-447c9e706938,2024-12-15,Lisa Duran,Odisha,Bhubaneswar
e390bd8a-d10c-4ed8-9fdd-402d98c058cc,2024-10-30,Ashley Stout,Karnataka,Mysore
ad549f4a-8eda-4194-acfd-ea6b65ec6049,2023-04-18,Heather Lloyd,Maharashtra,Mumbai
63de580b-d4ff-442a-b958-9a1cceeb7f21,2024-11-20,Daniel Sullivan,Karnataka,Mysore
7f8a31f2-619b-4e78-b38d-c7f04b5add53,2024-12-19,Maria Bond,Delhi,Delhi
4774708b-74fb-4e77-8cc9-0478a1a99abc,2023-05-24,Deborah Alvarado,West Bengal,Darjeeling
9a879ff1-f43d-48c9-bd46-a05dbdb812a1,2023-06-16,Brittney Schwartz,West Bengal,Asansol
44297f68-ffc4-4a99-a0dd-9b7c1d42778e,2023-12-11,Tina Clayton,Delhi,Delhi
d1ce1e6e-fb88-4a8a-946e-e4062a19fb4d,2023-03-11,Gabrielle Perkins,Odisha,Cuttack
329d804e-1ed1-4879-9a3f-e969adb9ebcb,2023-01-04,Tiffany Snyder,Odisha,Puri
31d63001-865c-46d0-aec1-1e276af040df,2023-02-19,Laura Weber,Delhi,Delhi
123b9129-3e61-4afe-8f4e-73c690ec1f23,2023-05-24,Jack Chapman,Karnataka,Bangalore
1adb16ba-41d3-4125-9f23-9a7541b0c795,2024-07-29,Sheryl Farrell,Maharashtra,Pune
a0e88c04-1769-42f6-b246-09c0790b0976,2024-01-29,Anna Richardson,Delhi,Delhi
33c1217d-4b6d-4a01-9fb9-ed59d600e02b,2023-01-05,Michael Miller,Maharashtra,Nagpur
d7ddd68e-02a4-4abb-9b58-e40c262ef77f,2024-01-27,Tom Newman,Delhi,Delhi
8cdf465f-cabc-454a-a19d-0022cf77f200,2024-11-04,Pamela Martinez,Delhi,Delhi
304cac61-b5ea-458f-8885-e19ee3d5d15c,2024-06-17,Mary Hamilton,Delhi,Delhi
128f15ee-0c6f-4e86-b581-a6cb9eaea466,2024-11-17,Kathryn Martinez,West Bengal,Darjeeling
26182afc-79d7-4e15-843e-a1726e376492,2023-09-05,Shelly Wiggins,Karnataka,Mangalore
0618a476-3d4b-4172-a1af-4069ae83430c,2024-05-15,Joel Baker,Maharashtra,Mumbai
0a2e64ca-3111-4306-9859-a047c9c588d9,2024-06-08,Alexander Torres,Odisha,Cuttack
7004da85-91fd-4dd6-84e5-ed5b92db80a8,2024-05-16,Ronald Mcdonald,Karnataka,Mangalore
2c135310-b5b3-471a-9466-a8e331849c70,2023-04-01,Morgan Miller,Maharashtra,Nagpur
e973538f-25ec-40eb-89dd-22f96b657b3b,2024-02-09,Christina Jones,Delhi,Delhi
58b6752b-3ea5-4708-b51b-f910d2122c82,2024-09-28,Connie Luna,West Bengal,Asansol
fa03f273-ed4b-42f3-8fde-26145e4544cd,2024-01-12,Luis Holmes,West Bengal,Darjeeling
45b88a0a-8a9b-4377-b052-450412859b55,2024-11-09,David Jones,Karnataka,Mangalore
7bdd957e-ded4-4dbb-a313-a6434b1d2c9e,2024-08-20,Peggy Brown,Delhi,Delhi
45bb08ba-4608-49b4-bf72-24e891991246,2024-05-17,Mrs. Brittany Arias,Odisha,Cuttack
e0879499-577e-43dc-8227-7c7b989b35b4,2024-02-12,Savannah Hardy,West Bengal,Asansol
09e53df7-a071-4e91-ad88-77169a679732,2023-08-05,Elizabeth Mason,Odisha,Puri
12cb1643-63ef-47c6-bf12-16150a3a7823,2024-07-26,Beth Stewart,Odisha,Puri
3d014bee-0cb2-4a15-800d-6959ef88d286,2024-10-03,Angela Hays,Delhi,Delhi
e5ac36ad-ea3f-453d-a631-d7e49b26c535,2023-09-20,Charles Burns,Delhi,Delhi
26aa5ad9-1e0c-41f3-97cd-6be259b899a6,2024-01-21,Donald Romero,Karnataka,Mangalore
c6b770d3-a60d-4160-ab9e-15c82f150fbf,2023-05-20,Sarah King,Odisha,Bhubaneswar
8e23e44b-db23-4d96-a419-01f5263875a8,2023-06-26,Stephanie Jackson,West Bengal,Darjeeling
02e67d1c-4328-4190-a92c-f3d6681f131b,2024-07-21,Stephanie Barrera,West Bengal,Darjeeling
5d9da13a-5119-4c5e-82ea-7cfde638f98d,2023-04-04,Catherine Schmidt,Odisha,Cuttack
5da08161-291b-4a1a-9efa-ab75afb20395,2024-10-27,Kenneth Miller PhD,Odisha,Bhubaneswar
75a6d218-7554-444b-b3fc-1343f6a54f97,2023-05-03,Sara Ramirez,West Bengal,Darjeeling
421f79c8-d15c-4b56-8dd9-280c142d8a4f,2024-08-17,Amy Mcclure,Maharashtra,Mumbai
6df67051-833a-4e89-918b-2167c55f8956,2024-11-16,Stephanie Jordan,Karnataka,Bangalore
9a02b14c-0a39-43fa-941f-59cedad11f2c,2023-04-15,Isaiah Young,Maharashtra,Pune
23bc80fc-adea-4dff-8229-aaf6c39025a3,2024-02-05,Spencer Gallagher,Delhi,Delhi
c02b6a63-48f7-40ad-b6f8-1c73e9576784,2024-07-20,James Lawrence,Karnataka,Mangalore
6f246b17-bf29-4caf-8212-38b1d19f51fa,2023-07-22,Drew Taylor,Karnataka,Mangalore
3b9bf312-403b-4649-b7bd-238ff7b528a9,2024-04-18,Lori George,West Bengal,Asansol
0f4de748-47ff-4c47-9222-10ae2c2740fc,2023-07-24,Marcus Cooper,Delhi,Delhi
f0e7d670-12a2-463f-a330-8ebe50457f62,2024-10-02,Christina Phillips,Odisha,Puri
a42b2a0e-95fc-4479-a54f-3ee2b7e377f8,2023-12-28,Alicia Davis,West Bengal,Asansol
e7d9265e-0107-4a03-a54d-3bc2be608bcb,2024-02-11,Amanda Wood,Delhi,Delhi
ecd79333-2b42-49f6-8278-f6994994ed70,2024-08-24,Deborah Jacobson,Odisha,Cuttack
1c8ce024-661f-42e6-b8fe-7ba9bc0aeb22,2023-05-16,Kevin Jimenez,Odisha,Cuttack
cf2191a8-0cad-4257-83bb-41651833d71b,2024-11-10,Patrick Jacobs,Karnataka,Bangalore
53e41285-d4b0-4b2c-8ee7-27108dbcfe1b,2023-02-08,Brian Sims,West Bengal,Asansol
7f39f916-e327-4b2a-bab0-2d68ed4f83b1,2024-11-08,Barbara Lopez,Karnataka,Mysore
30fce4c8-a4da-498c-a7fb-9fac8905a785,2024-05-03,John Flores,Karnataka,Mangalore
45ee3729-8724-474d-a9a8-4b53adc22eb9,2023-06-18,Stacey Hudson,Karnataka,Mysore
63ad96fc-7356-4ace-9626-6f030eaa8d5c,2023-01-14,Johnny White,Karnataka,Bangalore
d957403e-dd88-419c-bec8-95d70a7faa67,2023-03-22,David Knox,Karnataka,Mysore
3c0ff8df-4783-4d2d-9428-b173aa34fa37,2024-08-24,Shannon Sexton,Odisha,Puri
31302e81-80d3-4f39-af1d-230ce7dd78f3,2024-11-24,Frank Cooper,Delhi,Delhi
af126c03-9c60-4651-9cf3-6cbbc6aee8b8,2024-08-29,Jeremy Vaughn,Odisha,Puri
4c5fc965-ae9b-445a-a6ac-85f4b8e2592f,2023-04-14,Oscar Conner,Odisha,Cuttack
f14c9b88-c6ea-45c2-af0b-3481f9b43363,2024-04-23,Douglas Mccormick,Odisha,Puri
e5c9a4d5-5fc9-4def-9e99-765d16633598,2024-01-10,Julia Buchanan,Delhi,Delhi
de927533-b035-46dd-aadd-e91efc5c1c22,2024-01-29,Lori Baker,Delhi,Delhi
5f7f692c-f18b-4710-91e8-bcb325fb936b,2023-05-10,Jennifer Johnson,Maharashtra,Mumbai
981f9599-dc86-45e5-aab3-7ff0b358e710,2024-11-01,Ashley Tate,Karnataka,Bangalore
8adfe264-47a3-46da-ba02-36dfd5ccd746,2023-12-23,Steven Blake,Maharashtra,Nagpur
bf799209-8bf8-4764-b4a0-d56c880c4f92,2024-10-27,Ashley Brown,West Bengal,Darjeeling
ef3eaee0-3bab-4f84-b4f5-5ebaa9c85291,2023-02-11,Charles Murray,West Bengal,Kolkata
a8773326-2327-4e15-b14e-e2c594c55828,2024-05-13,Linda Rowe,West Bengal,Kolkata
4fd40e5f-dedd-4202-81b1-1ae8c921b190,2024-12-11,Robert Briggs,Karnataka,Mysore
2cbb535b-865a-44ad-bcaa-7689f6a0c1d5,2024-12-03,Lawrence Williams,Maharashtra,Mumbai
d9916881-917d-4d66-9162-4bcf73594cbb,2024-02-01,Michael Bradley,Odisha,Bhubaneswar
5940954f-3189-4bda-b55f-b0581318483e,2023-08-08,Carrie Palmer,Maharashtra,Nagpur
ab605295-fca2-4f20-b29b-ba43e6bb7320,2024-02-18,Dr. Michael Smith,Odisha,Bhubaneswar
415dd3e2-ec37-409c-a4aa-108721b3637c,2023-01-27,Regina Rodriguez,Karnataka,Mangalore
3926b15f-7df4-43cc-81e5-2f90f82e4811,2024-07-12,Timothy Roberts,Delhi,Delhi
4695c65d-530f-4278-8b2d-a7c866973b39,2024-06-22,Thomas Barry,Maharashtra,Mumbai
429ec5e3-bd1a-4604-891f-f258e8999601,2023-10-29,Thomas Austin,Delhi,Delhi
aa7c31a4-09e4-48e5-9f41-572290dd1f98,2023-01-29,Mrs. Ann Long,Odisha,Cuttack
7ac794df-1940-48a9-9eb1-6f9eb36e520c,2023-09-26,Sarah Bradley,West Bengal,Darjeeling
93ce43b6-2ee9-4140-9c9a-b54581f2af4a,2024-04-09,Melissa Massey,Odisha,Cuttack
fcf6bc25-d90a-4365-8ffe-78ec9207c73f,2023-08-25,John Hawkins,Odisha,Cuttack
8c9f982a-7473-43fa-857e-ceab842ee83e,2023-03-21,Diana Ruiz,Odisha,Puri
1da8413b-d0cd-42ec-8891-a7b9a1380870,2023-09-17,Barbara Graham,West Bengal,Kolkata
2b029a0c-c720-4645-b2af-af76c398dd08,2023-11-30,John Peters,Maharashtra,Pune
2062bd8f-e6af-4a88-a777-a62bb9003041,2024-04-12,Diana Tran,Karnataka,Bangalore
37dffd3d-860d-478a-aba0-ed8e23fef2df,2023-02-12,Christopher Sweeney,Odisha,Puri
e4ce9d14-9673-4ada-9024-8f290e95c465,2023-06-24,Brendan Griffith,West Bengal,Asansol
70a48550-7c4e-4ea5-b0fb-790ae3b877a0,2023-07-27,Benjamin Gardner,Karnataka,Mangalore
3ab6258b-6486-4e6c-93b1-43acba3d5d89,2023-02-16,Abigail Romero,Odisha,Cuttack
adcd6786-6808-4f79-b072-73ac72837da2,2023-09-27,Jason Rodriguez,Delhi,Delhi
401667c8-d11c-4175-95a1-040c82fe1d26,2023-12-02,Jason Krueger,Odisha,Cuttack
1a58509c-5110-4b77-83fd-d5f1790bedee,2023-06-22,Michael Taylor,Odisha,Puri
1d9db212-0ff0-48c8-85e8-585a5b78c9ee,2023-05-13,Kelly Miller,Maharashtra,Pune
4f6d128b-6de0-420e-8868-7835f4d408ad,2024-11-05,Douglas Nguyen,West Bengal,Darjeeling
