OrderId,Amount,Profit,Quantity,Category,SubCategory,PaymentMode
d32b59cc-f75d-4592-98eb-e9219fc7cc23,2140.41,231.88,7,Books,Comics,Cash
335b75ee-4485-4dfb-8f8f-8485aeccf123,3005.32,182.65,2,Books,Fiction,Cash
266c21c2-e89e-4856-921e-e01891273f13,2860.98,203.2,2,Furniture,Chairs,UPI
e60a4bcc-8bed-4b19-8a05-9a73de25d49a,2479.81,541.56,2,Electronics,Mobiles,Net Banking
b950b7c8-7b0a-410f-a714-64565a1d53c0,2734.79,302.03,7,Books,Non-Fiction,Credit Card
a38f3b37-ee91-4bbb-9533-d8ee820dd2c5,2069.23,311.48,9,Furniture,Sofas,Credit Card
4579a933-a535-4616-ab59-e87734fa2941,3703.56,404.78,9,Electronics,Laptops,Debit Card
597563ac-4ae0-4de1-9846-51b3d553762e,832.23,116.15,4,Furniture,Chairs,Credit Card
5b6b3cc7-5784-41f4-9225-9ba4e92766b4,2544.91,171.14,5,Groceries,Vegetables,Cash
55f5430d-2470-46b7-80b6-33e2879619cd,3085.51,761.21,2,Groceries,Vegetables,Cash
1e37171a-7a38-4be0-ae9b-976ec48b3502,4105.35,303.23,1,Groceries,Fruits,Credit Card
e33e8e1d-3d0d-40ef-a2e0-759d36f4fe6a,2793.19,675.43,5,Books,Comics,Debit Card
6798c77f-1581-473f-b0a9-569280ddcc7a,3464.32,771.27,9,Books,Non-Fiction,Debit Card
cc8f1677-88a0-4f73-999d-bb068e07e146,679.19,55.12,2,Books,Comics,Cash
c4f400fe-df99-4f66-afc5-3e2f3e9f53c5,4467.63,1055.31,10,Clothing,Shirts,UPI
42e24680-7dc2-41c2-a019-60e7ff46fcdb,935.89,132.42,9,Clothing,Jackets,Credit Card
382fdf61-c003-41b2-90a6-c8966a36bf53,4585.63,881.05,10,Books,Fiction,Debit Card
d0e8893e-06ae-4ca4-b308-285662e3dfc7,4579.34,938.42,8,Clothing,Shirts,Debit Card
8211a132-d4ba-4683-b536-c25ac9912d3b,4711.47,693.02,10,Electronics,Laptops,Net Banking
b7fcb4d9-8257-49c1-b62e-ad8ef4567a97,4380.13,469.03,6,Furniture,Chairs,Credit Card
23c5ea7d-5e1b-4cc6-93e5-d4ecdb5ec457,4665.03,380.76,7,Electronics,Laptops,Debit Card
32aebf75-6139-4cce-ae77-eb318bbf0315,4671.9,440.55,7,Groceries,Vegetables,Cash
5a250ab5-59d0-40fd-9d9c-8253847eb7ce,765.91,113.29,8,Electronics,Laptops,UPI
75253d2f-333e-42c8-b7c6-6f24288bd815,2083.79,375.9,9,Clothing,Shirts,UPI
bb7e3c71-6ffc-4d0f-b09f-6f025f169636,2814.28,381.99,1,Groceries,Snacks,UPI
33a53624-9d10-43c4-b334-440e8c37505a,576.38,105.9,5,Clothing,Jackets,Net Banking
653cc910-6f14-4db9-9f9f-28ad62d14303,3289.52,725.0,5,Furniture,Tables,Debit Card
f95692f0-dccf-49a6-b290-1b8beea9b62e,1481.48,289.14,7,Furniture,Chairs,UPI
75c1012f-fd01-4da3-8714-f95e970218a7,2268.62,437.53,3,Furniture,Chairs,UPI
deb4ea3a-1a82-4e68-b8ed-2efa6fbe2cbd,1266.36,177.72,4,Groceries,Fruits,UPI
3e0d5489-d4ba-40d3-9ffa-2b6b9a536830,2378.05,357.91,9,Books,Fiction,Debit Card
abd2b258-8b76-4edf-a9dd-39291eef0d0c,4037.11,858.41,3,Groceries,Snacks,Net Banking
5cf7692c-697d-4c74-889e-7d6263485518,1449.55,259.99,9,Furniture,Tables,Debit Card
8245ede8-bcaf-4982-ac47-5bee069a3e7b,2564.1,266.38,10,Groceries,Fruits,Debit Card
987cf249-a981-43fe-b351-b225b31de273,2879.12,145.1,8,Electronics,Cameras,Cash
c961c229-278e-47eb-89b7-8946d42ebac2,215.92,51.96,5,Groceries,Fruits,Credit Card
18a39524-3998-4f01-a32d-e04913771717,971.54,231.22,9,Electronics,Cameras,UPI
3ec78aca-d5ed-45a0-9af1-4e76d27e669a,3492.7,504.58,2,Groceries,Fruits,Net Banking
22a2a17a-83c3-4e57-9b96-32aa8cade1fd,1307.74,233.86,7,Groceries,Vegetables,UPI
601dce61-1711-43bf-b9d1-c3bb0b1ab119,1121.04,158.46,2,Groceries,Fruits,Debit Card
c0934465-b1b7-4589-b00c-f5c2b28405e8,1566.08,330.02,3,Clothing,Jackets,Cash
fc0f4499-610b-4259-b835-af47c909aa06,705.95,108.21,4,Groceries,Fruits,Net Banking
e00053b7-9fd9-4191-ae9b-1233fd582aa7,4344.9,868.85,8,Electronics,Cameras,Debit Card
9f3941aa-de60-4f83-a732-c3da4677727d,2666.48,445.2,5,Electronics,Laptops,Debit Card
2e00e36f-0b0f-4e02-9e14-8ef5d4596825,2329.63,388.99,10,Clothing,Trousers,Credit Card
7dd70051-f705-44d3-bef5-469a745b62c6,269.18,53.47,8,Books,Fiction,Cash
1941958f-58a8-468f-a293-43ab0a2de1db,871.48,89.83,8,Books,Fiction,Credit Card
a65d2e8d-8444-4963-b6a5-0d99c6599592,2312.17,552.26,2,Clothing,Trousers,Debit Card
eb6f4d77-659b-47a5-bd9d-c3a8cad44a49,3039.4,364.61,6,Furniture,Tables,Credit Card
e8f7ffd7-840c-49aa-9e7e-5e9ffeaf7592,1046.94,78.05,9,Groceries,Fruits,Cash
018d7d2f-427d-427d-8a57-4ce55498ff80,842.41,108.01,4,Furniture,Tables,Debit Card
d967fc1c-2fdb-400e-806f-65a28565b5a8,4956.01,891.43,3,Electronics,Mobiles,Cash
e5611ca7-a599-425b-a789-96c85e7727bb,4121.62,207.4,1,Electronics,Laptops,Cash
1b3f6943-3cac-46d0-af68-243c3f6941dd,519.87,38.92,4,Clothing,Shirts,UPI
ce8654f5-94e1-48af-aa8c-24424d63dca4,2752.06,465.67,6,Furniture,Tables,Debit Card
75b9e601-00e5-4caf-b10d-fb39603fad99,2527.9,169.44,8,Furniture,Sofas,Debit Card
978bcce0-613a-484a-bcd2-1bba000f063d,3793.85,297.22,2,Electronics,Laptops,UPI
a5bb227b-289f-447c-b449-aa4a9a8e75de,4182.35,525.62,10,Electronics,Mobiles,Debit Card
73b3106a-15e3-4ec5-ba35-7e8c8bad1070,2885.89,238.4,4,Electronics,Mobiles,Net Banking
52d8b4e2-a096-4342-8a64-8a5c9b1aa0db,1728.57,303.79,8,Books,Comics,Cash
0b86017f-f729-4e1c-b8fa-e8fbbeaf8975,2698.8,604.88,7,Groceries,Vegetables,UPI
27be593b-80ec-460b-8540-997bf2f4adec,928.92,183.88,2,Books,Non-Fiction,Cash
e049533d-976b-4287-b005-c15e5d5ce648,2855.44,395.32,4,Groceries,Vegetables,Credit Card
5edc3da3-0d73-4a7e-8830-69d944dfb870,2254.28,556.09,9,Clothing,Trousers,Net Banking
ef72b2dd-09e2-433c-a698-e80d030ef609,3099.22,196.47,1,Electronics,Cameras,Credit Card
ae780e24-0be7-4dd3-ba91-5b35993d0f3d,4746.56,1092.46,1,Clothing,Jackets,UPI
ed1fdbe3-073b-4d7c-ac98-3bc8f0546576,2810.75,555.01,7,Books,Comics,Credit Card
c2dae8e7-da8d-4c23-bce7-c69b55eee867,4302.24,814.59,6,Furniture,Tables,UPI
abce1e15-cf0e-48aa-ab90-c5b9e7ca3a64,2666.59,585.12,6,Electronics,Mobiles,UPI
267c1177-73cf-415a-aabe-5f033c8ea330,592.08,44.46,6,Groceries,Fruits,Cash
49f362cf-bb09-4e23-9045-afdc1c5ebeb0,4579.17,265.65,2,Books,Comics,Debit Card
62c12f51-2a9e-4ef2-b399-18f2ee0816a1,3967.51,240.9,4,Books,Non-Fiction,Cash
81d09717-0d52-4baf-a5de-aa1b535292d2,4575.73,918.09,7,Furniture,Chairs,UPI
75ca16c4-9735-46cb-b5d1-c4f7b3b5363e,3545.17,226.28,5,Furniture,Chairs,Debit Card
b1d730ad-6488-45ec-879a-06cef0ea6055,1880.3,119.33,6,Groceries,Snacks,Credit Card
88f2795e-15ec-4e62-970c-d498e7ca1727,3129.19,717.27,8,Books,Comics,Debit Card
6fab12ac-d788-4730-b053-7f7d8d94af0a,2942.73,309.21,5,Furniture,Chairs,Credit Card
b930e422-afbc-4507-b40c-f701d16669ee,483.57,53.7,10,Books,Fiction,Debit Card
a3eb6fd6-68f4-413a-93d4-d43bf617e34a,1413.12,121.8,1,Electronics,Mobiles,UPI
9fbc1190-32cd-4a9a-805e-e72a8b40470d,4374.58,1041.49,9,Groceries,Snacks,UPI
4a2abe7d-cbd2-47e1-b176-66ac432bcc6a,4293.11,466.28,7,Electronics,Cameras,Net Banking
2764248f-2450-46fe-b20e-9f4ddb9bb0bb,3820.27,639.2,5,Books,Non-Fiction,Debit Card
676dd5ec-1fa0-4381-9c83-0eddba317904,1034.83,124.77,8,Clothing,Jackets,Net Banking
11d1067d-f3d1-4ef4-90e2-030437ff8300,4327.26,419.78,5,Furniture,Chairs,Debit Card
8763dad7-810a-49e1-b613-1c3a397194a6,107.59,6.3,10,Furniture,Tables,Net Banking
b144865c-018b-4af1-8fae-e02404de9017,503.95,64.18,6,Books,Comics,UPI
0ecd8421-b9e8-4163-98cf-fa5e0922ab86,489.45,114.53,3,Books,Fiction,Cash
53b5a4fb-e574-44cf-9ac1-e98bba817ac1,3606.33,223.69,2,Furniture,Chairs,Credit Card
cf629af3-2426-4c99-816f-ec69428c1766,2092.99,245.33,7,Books,Comics,Credit Card
bb205bff-221a-4752-9bd6-a5737d3cf8ff,1268.76,216.23,6,Groceries,Snacks,UPI
6aafb839-ac1a-469a-bd91-11ac9079d909,874.22,180.45,8,Groceries,Fruits,Credit Card
1d81b23e-07cb-48b8-a705-b8a10cbbc76d,4254.71,986.05,6,Electronics,Mobiles,UPI
acc36c95-e00b-4502-897d-968271a8bc38,4821.18,729.69,8,Books,Non-Fiction,Debit Card
4a30bab9-ff2b-4ddb-acad-725d97caaba2,4700.27,1060.18,3,Furniture,Chairs,Cash
25d83325-9986-4b22-b569-1e147836e5f2,3552.45,625.23,10,Books,Fiction,Net Banking
8cab201d-18a3-4c0a-b270-81287abf3fc3,2900.71,201.12,3,Clothing,Trousers,Debit Card
00267a75-a27e-4654-ab83-b19b8ded724e,4809.79,856.89,2,Groceries,Fruits,Debit Card
c5aa5152-8f0f-4500-ba9d-d508a87d3902,3129.16,226.41,9,Clothing,Jackets,Debit Card
fd52fbbf-95cf-4f5b-95ff-46e2e5cc570c,3276.52,317.39,6,Books,Non-Fiction,Credit Card
20414502-4e70-4a74-90c5-cbde90cc6333,2764.93,145.59,6,Books,Fiction,Cash
dcd55149-9376-4a71-a882-5502ed427c6c,619.1,76.29,7,Groceries,Vegetables,Net Banking
c78af29c-8514-4142-a752-d706397140f9,4099.02,206.72,10,Groceries,Vegetables,Net Banking
f5c4b728-6b84-47b2-a511-7c6e36327ea5,1610.57,82.18,1,Electronics,Mobiles,UPI
ca2a56c2-6fbe-472e-9649-91fbc7b6a79d,1059.4,237.48,9,Furniture,Chairs,Cash
9b22f3d1-453c-412c-b805-93a8726f54b7,4865.07,375.45,5,Furniture,Tables,UPI
29cf113d-ca41-426e-915d-2e940e6508cc,4048.26,598.15,10,Furniture,Tables,Credit Card
ea0c33b9-91a7-4609-baf2-2dda8260b3b9,3579.83,613.52,10,Electronics,Cameras,Net Banking
6b3a517b-1ca2-44a3-b722-17c820065d4b,3679.55,557.46,1,Clothing,Shirts,Credit Card
a3c6e4ef-7312-4923-97d1-6e25afce3640,1754.83,269.52,9,Books,Fiction,Net Banking
86a952d4-b3d3-4826-84bc-9cbb1f0036b6,2573.41,528.18,9,Clothing,Trousers,Debit Card
77846cb9-1c01-42ae-8c26-5861c0afab96,1561.07,285.15,3,Electronics,Cameras,Credit Card
ddf739e6-14a6-4257-b4f0-3982c10a3fdd,4864.43,868.68,4,Electronics,Laptops,UPI
70be1511-9da2-40f2-91b1-8febd42193f8,1377.83,101.94,10,Clothing,Shirts,Credit Card
ecd0677c-9aa3-4fd5-bf96-2970ae25f347,2294.09,153.05,2,Furniture,Tables,Debit Card
89e36384-1299-4459-8e72-5f34e44c490b,4013.91,811.16,2,Electronics,Cameras,Net Banking
f116b85a-ced4-4a5a-9134-7ced4fbf4378,1266.98,184.12,10,Books,Comics,Credit Card
8988721c-778a-41c3-bcce-fed2b38368ad,4368.9,1032.76,1,Groceries,Snacks,Cash
71349045-ca02-43f5-82c9-d37c1d94b8a2,1646.74,189.96,5,Groceries,Vegetables,Credit Card
727dcd0b-ee30-42e8-bf71-caf1941772d9,2193.37,173.03,2,Clothing,Trousers,Net Banking
4491c471-174a-4dbd-b521-3376c7e588c0,4213.19,323.03,9,Clothing,Jackets,Credit Card
e67751c2-5ccf-4ffc-bae0-1b149099a63c,342.52,50.39,8,Electronics,Mobiles,UPI
1551d14f-4162-458f-ad51-a69eb566d9cf,4265.79,841.49,5,Groceries,Snacks,Cash
b7e637e1-e2e9-41ef-9578-39aaa1964694,1431.3,252.72,6,Electronics,Laptops,Cash
1685cbc2-4cf7-4e05-afbf-881958a6ef2a,4677.04,1042.93,6,Clothing,Jackets,Debit Card
1018b3ba-6fa1-4c4d-a389-368a96f3d795,893.16,59.08,8,Clothing,Jackets,Net Banking
b2b4ba4a-6d67-44c1-8d92-8e28c8fa13e9,1781.33,191.54,10,Groceries,Vegetables,Cash
d156226f-5c46-4ba8-9683-9df0b4812d5f,4010.57,448.55,4,Books,Non-Fiction,UPI
9e514a4a-810c-43dc-ad0e-ba0b7e12419e,4319.91,655.35,6,Furniture,Chairs,UPI
9c6ca456-6908-4eab-a736-3a16ed210ce0,370.73,36.45,7,Books,Fiction,Credit Card
8fde3120-0ca0-462f-8c0e-45d0e7c2fbb6,1207.76,290.35,8,Electronics,Laptops,UPI
9bf99358-d18b-4c8a-91db-e82eb238dffc,1415.11,347.46,2,Clothing,Jackets,Debit Card
4f23c24e-6a41-420b-bc88-28891492eb5b,2473.9,561.03,8,Clothing,Jackets,Debit Card
0fd20c12-55e0-4c9d-b2c4-5ea696a50820,847.16,84.06,8,Electronics,Mobiles,Cash
13ce814c-9e0d-4107-a9c4-47583aaa5063,4586.56,1132.75,10,Clothing,Jackets,Credit Card
1267d2c1-1102-4e44-bc08-35bfc3007af0,2455.82,480.71,7,Electronics,Laptops,Credit Card
5e3e3a0f-6e4f-4e56-a4d2-9278867e4b6e,973.51,97.99,8,Books,Fiction,Cash
479865bb-b8fb-4412-b60a-4488ebed1bbc,4458.85,940.48,4,Furniture,Sofas,Credit Card
f9804c29-008c-46ac-b4b5-3d5880dd11ab,440.9,32.96,7,Books,Fiction,Credit Card
9e9c2065-ea84-4282-9640-303f5d2b21e0,3503.32,686.97,8,Furniture,Sofas,UPI
195752a2-36a3-46ec-8ccc-9b864b100fcf,2944.56,542.22,6,Electronics,Laptops,Credit Card
043a3d30-278e-4ded-b538-ca24c839a600,1609.16,144.87,4,Furniture,Chairs,Net Banking
82111c67-1ee1-4a95-8f0e-9e3a345a1f1a,1115.89,198.45,8,Clothing,Trousers,Debit Card
d1c18b61-4a30-4c84-8a73-85bf91698a1a,3519.02,631.35,10,Furniture,Tables,UPI
6a7d5fec-7f4d-402d-ba9e-e97cfa311d33,3905.16,485.17,3,Clothing,Trousers,Debit Card
bdbbbfa0-e12a-46ea-a3ef-40e180c23900,611.57,93.2,1,Furniture,Tables,Net Banking
e6019f0d-fc7d-4c54-a8f8-b15a0e274089,3594.64,506.89,2,Groceries,Snacks,Debit Card
5802978f-0de3-49f3-b3c6-30186198f7c5,2862.06,627.43,3,Clothing,Jackets,UPI
f539588c-a8e9-4dd7-9dbf-7f414ccb4821,3444.68,850.95,9,Clothing,Jackets,Cash
2b77cb93-5efd-476e-abf0-74a89ff5d413,4972.67,1123.52,4,Groceries,Vegetables,Debit Card
20fb136a-52ed-424d-a206-ea2a72b56ec5,3456.55,364.73,5,Electronics,Laptops,Debit Card
9bfea062-3570-469e-96ec-87c89c38cdde,4452.6,846.31,2,Clothing,Jackets,Credit Card
cec9ebf5-c907-448a-8cf0-d5ff228d3cc8,3863.28,623.16,4,Clothing,Shirts,Credit Card
34aec492-67ff-464b-b0ec-a14b7b470d27,4603.53,393.86,3,Clothing,Jackets,Net Banking
e75553ce-ed29-4d10-a322-e7749048db83,3361.96,499.56,6,Groceries,Vegetables,Debit Card
68de2b6d-7b8e-4842-9961-970221c337fb,3353.49,286.49,7,Electronics,Cameras,Credit Card
e8a2506d-0baa-4ed5-a349-4890fea99e08,3140.63,744.58,10,Books,Comics,UPI
7d4d0306-8a31-4f61-848d-806fde39cc2e,1019.91,218.43,2,Furniture,Tables,Net Banking
69dd779f-6d75-4c8b-9438-7319d2f3718c,2173.65,153.52,10,Furniture,Chairs,UPI
f6b03b16-90c7-4412-96df-6cebcba3757f,3117.96,741.55,10,Furniture,Chairs,Debit Card
a9774c72-3c09-4914-b0e0-528c934f0c14,3477.82,501.12,6,Electronics,Laptops,UPI
63896628-513d-47f3-8c08-fab730b65f89,1851.63,258.44,4,Books,Comics,Net Banking
a1420316-feb9-435e-a79e-a087bb0d238a,4209.39,643.24,1,Books,Comics,Debit Card
4cca764d-79cb-4437-8a5f-8139651613d7,297.46,18.56,10,Groceries,Fruits,Cash
44a7571d-6adc-4d7e-ac04-ef1cf5f4fa75,872.15,152.31,8,Electronics,Laptops,Credit Card
93436228-8f35-4c8a-8af5-446c90602a11,3845.16,345.04,6,Electronics,Laptops,Net Banking
f8c73146-2f2b-4222-b5af-76d4d1d29058,3973.42,564.75,7,Electronics,Cameras,UPI
aa7cc33c-bb6b-4c11-94c1-ae1c97e0eecf,4421.11,1026.21,2,Furniture,Sofas,Net Banking
71e75709-3b2f-4e46-8869-2cee04792f53,4544.81,690.17,1,Groceries,Snacks,Cash
8ceb4b4e-5559-4cd4-9350-bdba3a6e23db,4389.16,756.26,1,Electronics,Mobiles,Cash
92bc22c8-5a0b-4fe2-927e-091df5ebad82,2962.44,465.4,8,Furniture,Tables,UPI
4e96f7f5-5be8-46b3-a828-34eed632fad9,4201.42,473.96,1,Books,Fiction,Credit Card
eedcdbfe-df8b-45c9-a82f-826ec83c4af2,1567.88,124.86,7,Electronics,Laptops,Cash
75b9cd1d-2016-4c1a-a1ac-ac35ba2f59f7,190.58,19.54,10,Furniture,Tables,Cash
d4d226af-6333-4ab4-9097-55d7df2203d9,629.16,140.64,6,Electronics,Laptops,Credit Card
6864e0eb-892c-4273-9cf2-80bf1f991820,1597.74,290.2,5,Clothing,Trousers,Credit Card
20679836-a31c-40b2-b48d-1b4cd56322a4,3542.96,406.74,7,Groceries,Snacks,Credit Card
18395dfe-d996-4e6f-909c-3a09f2286eff,2542.41,610.46,4,Furniture,Sofas,Debit Card
38f01611-c3e7-4395-803e-f3710951fc34,3724.86,352.48,2,Books,Fiction,Cash
913b4b6c-16d5-412c-b06b-e333644b8a43,2553.8,555.68,9,Electronics,Laptops,Debit Card
4e27a049-26f6-4639-8981-1ccc19accb58,1128.62,180.31,5,Electronics,Mobiles,Debit Card
f3b5bf48-da73-4132-a872-405a75f34d4e,2352.86,269.41,6,Furniture,Chairs,Cash
6f16fca1-83d5-45ed-b79d-7e10dc42eb89,2768.98,299.72,1,Furniture,Chairs,Credit Card
11eb9d11-6dc0-42a4-a9d5-81674e209025,224.19,17.64,9,Groceries,Fruits,Cash
295f84d2-aaf8-4386-a303-6be8f6b5d198,2500.84,463.51,4,Furniture,Sofas,Credit Card
4a2a6094-4332-4f7e-97f7-6f453af695b3,3971.85,529.24,10,Electronics,Cameras,Net Banking
45bee313-9ad7-487a-935c-168503f5568d,3907.75,610.78,6,Electronics,Cameras,Debit Card
90791548-418f-4866-8eb7-6afbeed2f32f,3518.58,801.28,2,Books,Comics,Credit Card
52a0a9b5-db1d-48a5-8aa0-fc21686eb8e6,4273.83,666.89,2,Books,Comics,Debit Card
f8c5e37d-b5d1-4fe4-abf0-be88f8848c16,159.37,24.0,9,Books,Non-Fiction,Net Banking
f9c2a7ac-1466-43fe-964c-4448f55022c6,2942.08,530.32,1,Furniture,Sofas,Credit Card
02503a40-c7d2-4b05-af4c-6786955416de,2281.11,157.87,4,Furniture,Tables,Credit Card
968568aa-45da-4945-9acb-75a639c1385c,1297.39,79.57,2,Books,Comics,Cash
7cba16dc-febf-4b44-b973-151c32621e43,706.53,104.62,9,Furniture,Tables,Net Banking
1a1e0cae-2c79-4583-922f-6b746bf5c05e,4918.13,1054.57,9,Furniture,Chairs,UPI
80f41c10-7d75-4fd8-9170-274201d894a1,3188.29,379.78,9,Clothing,Shirts,UPI
349cc31e-ed42-4fa8-b20a-da93610ddd8e,4954.1,390.82,6,Electronics,Mobiles,Debit Card
41d3cd1d-15e4-4048-82b1-e1dc8118eebf,798.21,130.39,7,Groceries,Fruits,UPI
389da924-cb9e-4ceb-9b6e-fdaaa72abed1,2032.27,296.81,2,Groceries,Snacks,UPI
b75d1859-6b90-41c4-b556-c1d140756f3a,3441.37,616.16,10,Groceries,Fruits,Cash
37696de5-19bd-4778-a855-a004e77c7785,2356.76,477.03,2,Groceries,Fruits,Debit Card
656ec65c-bf3c-4cc9-a768-911bbb7682b0,4703.1,912.2,3,Furniture,Sofas,Net Banking
57034975-eb74-4a40-916d-750d950ac0af,3856.54,529.34,7,Books,Comics,Credit Card
d62e35dd-6bc0-4dd8-b9f7-3be93984f587,444.69,79.3,5,Furniture,Tables,Cash
d74b39c6-fe10-4375-b8fa-13c776b31925,638.9,67.1,3,Electronics,Cameras,UPI
1e962f8e-e411-45e0-8f39-5f3e2b2c2079,4403.05,539.08,1,Clothing,Trousers,Cash
24904a93-f067-4e3a-b1b4-56fcf57eeca6,3108.98,646.65,5,Groceries,Snacks,Credit Card
67c89973-78bf-4197-87a5-dd2605a4f272,4584.81,314.67,1,Electronics,Cameras,Net Banking
beed6231-2d93-4d08-9ad1-24a67a8bc12a,394.82,59.26,7,Electronics,Cameras,Cash
a6bb3f2f-d296-4863-a4a5-08bf4a9d1115,3334.09,830.57,7,Groceries,Vegetables,Net Banking
6ae0a6aa-26c4-4df0-abb4-f04a86428d07,382.05,94.22,10,Furniture,Sofas,Cash
d392de0e-257f-41fe-b0bb-ae8d43c0cc5d,2425.59,566.52,4,Clothing,Shirts,UPI
c5b28df2-58c3-4a0f-a551-e86cf0bebcb6,4211.0,778.78,6,Furniture,Chairs,Debit Card
c82b906e-e785-4ca8-95bd-30f0e4f37ea0,2094.02,314.83,4,Clothing,Jackets,Cash
a8694589-cecc-44bd-a893-5b98d0e81401,2671.72,466.09,1,Books,Comics,Net Banking
d9bd1319-a72b-4d0f-8b20-0f741121367b,3154.09,681.56,3,Groceries,Fruits,UPI
051093a9-7eec-405e-b942-fe106018f0e1,664.61,163.23,3,Books,Fiction,Net Banking
0dba3d59-aba3-41d3-ab54-cbc9ed9a7c20,920.91,171.8,2,Electronics,Laptops,Net Banking
62abbab1-a940-492d-b93f-b25cf627e085,469.84,47.95,4,Electronics,Mobiles,UPI
71c07ebd-1ced-4181-b9f3-4ed6495bcf78,567.68,72.0,2,Clothing,Shirts,Credit Card
10a051aa-dbf9-4192-8492-a13126ae48cf,2390.67,581.15,10,Groceries,Snacks,UPI
32e5f338-9677-46ca-9b20-e2db207d4973,4968.0,332.59,10,Clothing,Trousers,UPI
28d1e3c7-cace-444e-a055-ef23e9918178,2802.32,326.08,8,Furniture,Sofas,Credit Card
51105b3e-8f08-4746-98cd-8aeb5287657e,1917.99,110.16,6,Groceries,Fruits,Credit Card
e9c23d0e-aa60-439b-a429-cb0f6fc085a8,453.91,84.3,5,Books,Comics,UPI
9f534f25-8d8d-41e7-a639-ba56b9c55cd2,699.27,118.19,9,Books,Fiction,UPI
0e0a221e-fc50-4e89-88d3-37b33f683826,1266.03,173.6,8,Electronics,Cameras,Credit Card
897ce0b4-3d2a-486d-8cff-5589505a8529,4825.56,321.7,9,Books,Comics,UPI
e85424ac-9f07-4640-b8c4-5f1ea806530f,4549.66,669.1,9,Books,Comics,Net Banking
ee4354e4-f3b3-4f8e-b110-8863d8a4e2c9,3392.11,602.19,4,Books,Comics,Debit Card
f57987f2-d94a-4889-a5af-3b85ecea582e,998.25,207.44,3,Groceries,Fruits,UPI
5422b03b-082a-402d-a75a-d4a12ef0732e,757.98,151.74,5,Electronics,Mobiles,Credit Card
0e7d9a12-68c7-4823-8a26-775a098dbaea,4918.68,675.18,2,Electronics,Cameras,Cash
562a459b-03c4-4fd9-b14c-a47cd8bbf99f,4090.0,610.69,8,Books,Comics,Debit Card
01263d98-6547-4d5d-9441-52598ace820d,4272.72,797.64,6,Electronics,Cameras,Credit Card
d61c43dc-4277-4270-b624-d2080a77e0ed,748.62,179.05,1,Furniture,Sofas,Credit Card
e7c8752a-7468-4f99-a089-62a0cd43b03d,2691.67,147.33,9,Electronics,Mobiles,Net Banking
d2dd5777-0c3c-4750-bcdb-4b7f3499f16d,2033.46,227.24,5,Clothing,Trousers,Debit Card
bba63de7-bcd9-4fe9-ab82-e875c6ebef2e,386.23,26.45,7,Groceries,Fruits,Cash
58a1d6aa-3db3-4d9a-b29f-adf13fc4b592,320.13,45.69,2,Electronics,Cameras,Cash
96709609-7af0-46a7-878a-45f9a2baa3d4,1408.82,150.89,9,Groceries,Fruits,UPI
daf9cf91-5f94-43c2-9fdf-cef7fbd30dfb,1634.33,377.86,7,Books,Comics,Debit Card
2bfd27bb-5baa-4384-89d9-95af90b02b7e,623.02,92.77,3,Books,Fiction,Debit Card
38ad3871-0dd5-4a76-984b-0130bf558e1d,605.97,147.09,10,Electronics,Cameras,Net Banking
8cf5030d-d868-4c90-8297-d734535d7030,4579.32,333.27,9,Books,Fiction,Debit Card
640dbc35-6b14-4766-8b8b-1290c6157c0f,562.91,72.13,10,Furniture,Chairs,Net Banking
9869b021-e23b-40f4-a965-ae96ec5e230f,2930.24,563.89,6,Electronics,Laptops,Debit Card
30f554db-eebe-4de7-a7f9-e7db346ceca7,4030.3,976.44,9,Groceries,Fruits,Credit Card
ac8ee3ed-3873-4cb4-b0c6-a2fefe7ea01d,417.31,35.71,1,Books,Non-Fiction,Net Banking
4a43fd84-6563-46f2-84a9-8a5795c5f3a0,3029.26,528.71,2,Electronics,Cameras,Credit Card
a86c584d-d0eb-4562-8413-b9aa5c1ac389,1292.41,117.03,5,Books,Fiction,Cash
081c8cab-9e65-4517-85ca-4938a1f3ecb8,4581.01,1017.36,10,Groceries,Snacks,Credit Card
a1ec0a69-e3e7-477b-9dec-74d67f671525,3503.3,722.36,6,Clothing,Shirts,Credit Card
3e8b2613-ef22-4e87-b593-4cbbb6f97a18,685.95,123.78,7,Groceries,Vegetables,Net Banking
69d41e72-a205-4189-90a9-d626c407fe61,4841.75,441.68,9,Books,Non-Fiction,Debit Card
555d7ffe-7772-4337-99fb-b7aa5331916b,343.2,29.92,8,Books,Comics,Cash
3bba95c0-54c3-4c35-92ff-cbbbd9f14d5f,4848.14,275.29,5,Electronics,Laptops,UPI
fe6b46aa-7f02-4301-a2ef-94ed44a02bd9,2118.79,500.2,4,Clothing,Trousers,Debit Card
fd543e96-1fd6-48bd-9cb7-b33ce92f1d0f,2767.57,420.51,4,Groceries,Fruits,Debit Card
2a4f3760-7724-40e5-a870-5827d276566a,1316.32,66.47,2,Furniture,Chairs,Debit Card
099db7f0-cf65-45d5-b340-253eb3866a73,1973.12,458.99,7,Groceries,Fruits,Cash
f4f0a51b-7db9-46ad-948a-6cd06c5642f9,4675.62,1115.66,7,Electronics,Cameras,Cash
d702d5bb-728d-4f9d-9b04-3880eeea4d6f,376.58,24.8,5,Furniture,Tables,Credit Card
deca6e1f-8830-4a86-a0db-33ec1a3638c3,2209.42,145.94,4,Clothing,Shirts,Cash
67567d61-a7ae-4fa2-8578-bd1dbce6addb,4512.09,1039.42,9,Books,Fiction,Net Banking
773a3ce4-9abe-409f-93f2-16be0984feed,4549.49,996.76,3,Groceries,Snacks,UPI
2877c161-9230-43de-93a0-c0d82906a0f3,2281.59,361.76,6,Books,Fiction,Net Banking
ae1c2b25-5617-48a3-a8f8-ae80d8da6fa1,1008.99,232.72,9,Books,Comics,UPI
bd27b060-4ef7-418f-9afc-577b693aa091,3913.44,231.76,10,Clothing,Trousers,Credit Card
1cec84e1-1c0d-483f-b8b8-a8d8acbef694,336.27,49.11,9,Books,Fiction,Cash
1ce53a0c-1b16-45e9-ab7d-c1ee322eba04,3505.95,482.0,1,Clothing,Shirts,Debit Card
86dca92c-6926-4239-91ec-a7f17a0c369e,4468.47,582.81,5,Furniture,Sofas,Cash
26204d66-4cf2-4c22-a92e-ba937bbfd47f,4873.33,860.5,8,Furniture,Tables,Cash
afc72806-9e2e-4208-8d77-c37fc5e8f056,3658.72,624.01,3,Groceries,Fruits,Credit Card
7365903d-7440-436d-a674-3dd7841103d9,3148.81,222.89,3,Furniture,Sofas,Debit Card
b51f7532-3b0f-46a7-9ebf-8dc09805cbfc,2009.25,181.94,3,Groceries,Snacks,Net Banking
cf50f8b7-741d-482d-9e52-edcb66fb5201,951.6,181.26,10,Electronics,Mobiles,Cash
9b89ed51-153b-438e-bcef-b460d45ca0e1,4625.16,855.0,4,Groceries,Vegetables,UPI
a01ab682-e2ec-4487-bfcd-796313a5f72c,2937.06,618.32,5,Books,Non-Fiction,UPI
b18ecf6a-3a60-4514-bece-7bca04f49aca,2913.39,223.17,6,Books,Non-Fiction,UPI
600354d5-2089-465a-8740-ae7129f75f1f,620.79,79.22,4,Books,Non-Fiction,Debit Card
a5aed46c-8f6f-4c46-b673-88ed0911ccab,3033.48,593.75,8,Electronics,Cameras,Net Banking
2d4c9556-9977-458b-9636-732221c02362,3685.45,859.22,8,Books,Comics,Cash
c17fba44-fd8a-402f-b3d0-0deb9305eaa9,1227.4,274.7,9,Electronics,Laptops,UPI
fa114a3d-70bf-4e23-b009-ffa4f0b8b085,2707.42,257.07,2,Furniture,Sofas,Debit Card
a50ea1c2-5c92-4245-b457-5282335c1e56,4663.69,613.13,2,Electronics,Mobiles,Credit Card
4361b14f-ff66-4816-bb5b-156cac6d1ff5,327.45,33.3,8,Books,Fiction,UPI
3b795b50-c050-4dea-a6a5-775cc67b59a0,2855.87,421.05,1,Furniture,Chairs,Net Banking
60d91a92-aaf3-4e9c-bfd6-150fbe82741b,2803.67,301.82,6,Groceries,Fruits,Cash
3ac6dd42-b7e3-433e-aa48-e6071315b6ff,2956.39,600.12,10,Electronics,Cameras,Cash
6325ccc1-9fde-4698-b84e-3e27cbb514ba,443.49,66.92,4,Furniture,Chairs,UPI
f97c0680-6148-4485-914e-4265bf0adc76,1898.39,337.14,7,Clothing,Jackets,Debit Card
029157f5-099d-4907-aedf-ce4780dc9437,4018.65,407.2,6,Clothing,Shirts,Net Banking
fa0d75cb-d594-4abe-a5cb-979e4053f08d,268.01,54.07,4,Groceries,Vegetables,Debit Card
5f454106-f0a0-4648-849c-195a15cbf106,2989.86,553.42,3,Electronics,Mobiles,Cash
68af62fd-8e42-4217-86cc-6bf4d6e404c4,1330.64,303.5,2,Electronics,Laptops,Cash
4e658ba2-fc46-4e2d-9454-b59c3d175f15,3256.53,620.67,10,Books,Fiction,Cash
9ae7b87f-6b7d-4b62-8064-a7aef7708703,2971.22,434.49,2,Clothing,Shirts,Credit Card
018378bc-33fe-4693-b66b-69d312dd2686,3349.69,257.64,7,Clothing,Shirts,Cash
2c0f3efc-c243-46bb-9987-77de1cd46065,3322.22,259.1,3,Books,Non-Fiction,Cash
e04c74db-1f33-4426-8228-ab36e1518b86,3040.61,599.44,1,Electronics,Cameras,Debit Card
b4240018-849d-42e5-a442-cd685042b6ea,2183.95,374.62,6,Furniture,Tables,Credit Card
f4523ce5-83c2-40ad-a413-56353d10c3df,302.45,62.67,8,Electronics,Laptops,Debit Card
1874f4d3-62f1-44c1-b82c-f203980f9cdb,3755.32,639.12,2,Groceries,Fruits,Net Banking
613925b1-0e2f-4eeb-a89d-6b3c20e0ead9,1953.89,433.06,5,Books,Comics,Net Banking
81b078f1-f763-4a01-a749-41ea57dcb1ec,2012.71,127.0,7,Groceries,Snacks,Debit Card
d11b294d-549a-4a5a-81b1-7af0cbd03405,4801.53,961.67,8,Clothing,Shirts,Cash
9b08863b-9b3f-4405-b86a-42426f91bcde,1198.57,286.73,9,Electronics,Cameras,Debit Card
8d047af2-259b-487e-a3ab-d50de4a2d6f1,2945.57,583.1,3,Furniture,Chairs,Cash
e3d20ce0-4333-4a64-9984-1bd727aaca80,1650.48,382.55,9,Electronics,Mobiles,Net Banking
c52206d2-df1c-4ebc-bd80-b59998ae5a1d,1103.65,253.0,1,Groceries,Snacks,Debit Card
ff68233a-3d29-44b8-8cf0-ae814db2063f,2202.08,454.1,8,Clothing,Trousers,Debit Card
78ac18a6-3616-4d3e-a83a-5c2d0c6336f7,3690.04,684.9,4,Groceries,Vegetables,Cash
75151097-6ba9-4e72-9d17-22e0433982c5,2588.25,496.14,3,Books,Non-Fiction,Net Banking
ee7e5e4c-8fbe-46a5-ae42-e2be5da466a2,336.16,53.74,7,Furniture,Sofas,Credit Card
9086fdbe-4893-430c-a5bd-adadda9be107,1717.53,87.97,5,Books,Fiction,UPI
b6fb8bb3-dcd4-43f8-b80d-cce0e3a574a6,3041.18,192.15,5,Groceries,Snacks,Net Banking
d2ead549-4ca8-4b7b-b26d-8c49285692e5,4201.92,522.94,10,Electronics,Cameras,Debit Card
0be792cb-156b-42a9-b704-f852d7122804,228.03,17.92,1,Electronics,Mobiles,UPI
caf25e9c-8675-45c0-8f1b-d723926f816f,598.24,94.27,4,Books,Fiction,UPI
016c9172-fed9-4151-8169-73ffe72dba64,3483.65,542.21,10,Books,Comics,Credit Card
662e9310-a0c9-4c8c-97e9-e4a33d6a4937,2257.03,415.83,1,Groceries,Vegetables,UPI
db04609c-5277-49f3-aaa7-0fd337960dcf,1439.88,98.75,8,Groceries,Snacks,Net Banking
74c8bf04-c694-499b-b7b4-69aa049be036,1218.55,272.43,3,Furniture,Chairs,Debit Card
97370835-c62d-4e0a-b4d6-3275f4c0c243,3943.84,302.48,10,Groceries,Fruits,UPI
2a4a84d4-c57a-41fa-b369-2a4f7d00656d,872.06,168.36,7,Furniture,Tables,Cash
5f331f1d-7325-46aa-b087-14314d4e17e3,1028.95,192.34,1,Clothing,Jackets,UPI
556ef453-15f4-49a1-8c7b-400c33d92695,660.77,44.44,9,Furniture,Tables,Credit Card
b48a7e13-212e-4bad-bc0a-333cf1afd92a,419.18,83.33,6,Groceries,Snacks,Net Banking
ebef8707-1db5-43b7-96ed-baabfa537dbf,2567.51,418.74,8,Furniture,Chairs,UPI
7d1d59a1-89db-4a9a-bf91-760c404690a5,4376.64,657.4,4,Electronics,Laptops,Cash
675f139a-51a6-43fb-a9cf-df95cffb0adc,4797.29,618.96,7,Clothing,Jackets,UPI
abadd25f-657d-4956-b312-daf304e44d55,146.21,10.13,9,Books,Non-Fiction,UPI
bd970abb-d0fa-4342-99b4-bd89c324a860,3574.09,804.55,2,Furniture,Chairs,UPI
a58d575a-2610-4668-bcbe-1ca3555f155f,3258.06,447.02,6,Groceries,Snacks,Debit Card
ae4f94f6-5311-4586-a495-c9850647529f,4561.36,567.45,2,Electronics,Mobiles,Debit Card
a860695e-4d82-4a6a-819e-7545ce170fe4,4856.64,984.08,6,Furniture,Tables,Net Banking
18835ff4-4604-473e-aa7f-993e9d1d5620,4737.93,1116.05,9,Clothing,Jackets,Debit Card
c37999e4-012d-47a3-808f-bca5566e85c2,4679.68,287.39,10,Books,Fiction,Debit Card
337918de-68c4-496a-b173-4cbe956e1a5b,4717.72,665.65,8,Clothing,Jackets,Cash
dd711ec3-169e-4948-9c80-13920cbacd6e,4014.1,998.83,5,Furniture,Chairs,Net Banking
e4946e00-d98e-4788-8d69-27646d8ef2fe,3286.93,631.23,9,Clothing,Jackets,Debit Card
f0cbaf0b-df30-4bbd-a126-8ecb5ae36b20,3035.69,177.37,7,Clothing,Shirts,Debit Card
afcafce7-dfbe-4c51-9d37-7b88b8bc1ab0,1367.64,82.0,4,Electronics,Laptops,Credit Card
5777395d-db7e-4a3a-b97e-34cf6dcfff93,3600.47,859.09,3,Books,Non-Fiction,UPI
6d412253-6f3a-4855-a631-c6769be36dba,2049.12,293.34,8,Clothing,Trousers,Cash
1489bea2-e509-4c97-b0af-caa4f6e7c667,4550.79,246.28,1,Furniture,Sofas,Net Banking
eea88b17-53d6-4713-b8f0-7261f50ae9c1,1224.16,258.5,2,Electronics,Mobiles,Debit Card
e7f2f387-4cf1-49ee-a9d9-20b5192b8e11,3941.21,461.73,5,Furniture,Chairs,Net Banking
5b741ec4-56e3-40b1-9830-868639b6481f,2327.3,117.02,1,Furniture,Tables,Net Banking
14a96d73-340a-4f98-bcc2-2a700608d802,316.48,40.64,6,Electronics,Cameras,Cash
f6b1f27b-7123-4cc0-a22a-26bdd54eb5a4,4866.6,532.2,1,Books,Comics,Net Banking
b4d02a77-d114-4d02-b6ff-fddc75fa0248,625.16,130.6,8,Groceries,Snacks,UPI
8a08f3d8-db47-4a8a-ad1b-77e74e2ba324,2730.11,303.71,1,Clothing,Shirts,Debit Card
c3bd5314-3eee-49ca-a937-dc3ca59e5d7c,2274.31,473.32,6,Furniture,Chairs,Credit Card
8cf5ed51-2c1c-4370-a1e0-986651392df1,4608.06,387.07,9,Clothing,Jackets,Cash
825902b1-1314-41ea-86d2-3e9e4ac47751,3683.58,246.64,6,Groceries,Fruits,UPI
273127fc-8fb5-4713-8a3c-52ca0d5364f9,4376.01,423.83,4,Furniture,Tables,UPI
58c6811c-8ae1-4ee9-bb82-7cf834ab60ae,2976.63,399.25,6,Clothing,Jackets,Net Banking
012998e1-1402-439e-96c5-07fe4e9f0008,1277.01,280.4,1,Books,Fiction,Net Banking
f2f9db75-982a-4b01-942c-e1d87ec70af3,1702.18,194.51,6,Groceries,Vegetables,Net Banking
e2658562-a81f-4fa4-b6bb-2c97e4b9c6be,2640.74,420.07,9,Electronics,Laptops,Debit Card
0fb3fd74-2865-47ac-a418-6a44314c0e42,2887.55,425.55,7,Clothing,Jackets,Debit Card
0fdfb1d2-d839-47aa-b993-421e12d1ffa5,4115.06,528.6,4,Furniture,Sofas,Cash
ef4e42be-e519-4b91-b7fb-e1c228b201a2,141.12,16.16,8,Books,Comics,Net Banking
42423dc8-0490-42ca-9a66-6b0321a614c7,3856.89,242.16,6,Books,Non-Fiction,Credit Card
c478432d-8601-4d9c-a133-86b1f6884264,4255.56,962.76,4,Clothing,Trousers,Net Banking
1b367a1c-595a-40dd-b3cc-fff632560717,363.42,63.44,10,Books,Fiction,Net Banking
c8f8573a-4292-4132-9c72-47bb470f00ca,3599.27,624.56,9,Groceries,Vegetables,Net Banking
d956b31c-36e2-48fc-971e-046351357e76,3277.95,172.85,2,Groceries,Snacks,Net Banking
1b3327a8-4df6-4653-858c-afcaec82b71a,256.08,46.18,7,Books,Fiction,Net Banking
15ec16ad-9598-4000-8cae-86e7c29ee9f9,425.58,82.25,1,Furniture,Sofas,Debit Card
8d9cb523-234f-4ef3-a4dd-b5a23e791902,2880.01,210.36,4,Furniture,Chairs,Cash
a7e31cd3-ab3f-4550-8650-ad5930cff716,1285.81,128.14,5,Books,Fiction,Credit Card
f9406c42-26c3-4ccd-ac49-7ef483b0b2f3,3902.06,838.03,6,Books,Fiction,Debit Card
3a25cc04-38b1-4737-baf2-31bb378dc916,2556.86,466.16,3,Clothing,Trousers,Debit Card
20d6500e-dcde-4fce-9fb7-ad795a17156c,1135.72,105.09,5,Furniture,Tables,Credit Card
cb15855f-e78b-4aa3-8a3c-2cc846d7acd0,3908.9,889.5,1,Electronics,Laptops,Net Banking
6c53b1a7-08d5-4686-8d6a-bf9a2b9fbb9f,2922.07,607.18,2,Groceries,Vegetables,Net Banking
9e0df8fa-5630-42c7-9483-6551d67ec8e0,1009.53,234.33,4,Electronics,Laptops,Net Banking
c55c56dc-7f9a-4058-9a5a-d833cddf454d,1080.51,208.69,8,Furniture,Tables,Net Banking
c8bdfced-9120-40dc-bfb7-c8a508430525,3337.26,574.73,6,Furniture,Sofas,Debit Card
5f1262e7-f7b1-4453-a24a-45e1b0845787,3055.76,158.32,9,Clothing,Jackets,Debit Card
6c4905ce-6124-4b31-bb59-1c52cb47bea5,578.41,119.78,10,Books,Non-Fiction,Credit Card
7cec8424-8993-47b6-a0fe-4e13b93a1af3,1428.75,81.36,8,Electronics,Laptops,Debit Card
8b5148cd-252b-4500-8952-71e5cb2c508d,3769.32,411.12,10,Furniture,Tables,Credit Card
3ff83f82-3152-4747-adca-caa7db56baf4,4667.56,368.23,8,Electronics,Laptops,UPI
428f4b67-8484-4914-b074-12e677dc044d,813.84,70.1,9,Electronics,Laptops,Cash
f80a20f7-5d62-40f3-a021-826ea389daa7,3572.29,259.62,8,Electronics,Laptops,Net Banking
1ab54187-8ffb-4f37-a389-cda5ed90e0e6,800.04,110.02,1,Groceries,Fruits,Debit Card
a7bcfdc8-b90e-4ab3-9716-1718680b6d0b,2750.08,476.17,7,Books,Non-Fiction,UPI
b6f0235a-0b04-47a9-9c97-277cd0992975,2459.85,481.68,3,Furniture,Chairs,UPI
56d3635d-74c0-4fb1-b4cf-6f7c9d4b8bfa,1902.25,366.01,1,Clothing,Shirts,Net Banking
6c472a0e-efb5-4a70-afc6-77546388b2c9,1178.8,260.85,4,Clothing,Trousers,Credit Card
d69c00c2-c524-41d1-b444-9cb481a9843f,3849.46,510.39,10,Furniture,Tables,Debit Card
2c02c561-9eca-4fe8-9155-c766ea6ae2ad,842.22,149.29,10,Electronics,Mobiles,Net Banking
520ee337-fd65-44b3-836a-dee53b9599bd,3590.54,231.69,4,Groceries,Fruits,Net Banking
5d2498a2-2491-4770-af89-005805bc8e97,2131.62,462.64,7,Groceries,Fruits,UPI
fe941c36-644c-4cd4-bcac-8b13d1d8d86d,3588.22,524.28,6,Furniture,Tables,Credit Card
c8792545-5836-4a19-8670-572b4da9197c,4586.94,703.56,5,Electronics,Cameras,Net Banking
81458a9d-6056-4a32-be19-447c9e706938,4563.58,456.4,6,Groceries,Snacks,UPI
e390bd8a-d10c-4ed8-9fdd-402d98c058cc,1588.78,368.66,7,Electronics,Laptops,Debit Card
ad549f4a-8eda-4194-acfd-ea6b65ec6049,152.48,28.67,3,Electronics,Mobiles,Net Banking
63de580b-d4ff-442a-b958-9a1cceeb7f21,2066.21,230.98,4,Electronics,Laptops,UPI
7f8a31f2-619b-4e78-b38d-c7f04b5add53,4480.93,970.42,3,Groceries,Vegetables,Debit Card
4774708b-74fb-4e77-8cc9-0478a1a99abc,2132.44,525.7,6,Electronics,Mobiles,UPI
9a879ff1-f43d-48c9-bd46-a05dbdb812a1,1555.76,93.16,3,Furniture,Tables,Cash
44297f68-ffc4-4a99-a0dd-9b7c1d42778e,282.09,65.73,3,Books,Comics,Credit Card
d1ce1e6e-fb88-4a8a-946e-e4062a19fb4d,3338.93,372.89,2,Furniture,Chairs,UPI
329d804e-1ed1-4879-9a3f-e969adb9ebcb,3038.26,250.96,3,Groceries,Vegetables,UPI
31d63001-865c-46d0-aec1-1e276af040df,1785.29,434.8,4,Clothing,Shirts,Debit Card
123b9129-3e61-4afe-8f4e-73c690ec1f23,1680.64,258.36,7,Groceries,Fruits,Cash
1adb16ba-41d3-4125-9f23-9a7541b0c795,1323.08,88.21,6,Furniture,Sofas,UPI
a0e88c04-1769-42f6-b246-09c0790b0976,3149.11,212.44,8,Books,Fiction,Cash
33c1217d-4b6d-4a01-9fb9-ed59d600e02b,4208.37,218.93,1,Furniture,Sofas,Cash
d7ddd68e-02a4-4abb-9b58-e40c262ef77f,2732.91,333.7,10,Furniture,Tables,Debit Card
8cdf465f-cabc-454a-a19d-0022cf77f200,1274.51,106.14,4,Electronics,Mobiles,Cash
304cac61-b5ea-458f-8885-e19ee3d5d15c,671.45,111.18,2,Groceries,Fruits,Cash
128f15ee-0c6f-4e86-b581-a6cb9eaea466,4330.44,739.12,3,Clothing,Trousers,Net Banking
26182afc-79d7-4e15-843e-a1726e376492,3025.97,330.63,10,Electronics,Laptops,UPI
0618a476-3d4b-4172-a1af-4069ae83430c,3559.65,232.25,8,Furniture,Tables,Cash
0a2e64ca-3111-4306-9859-a047c9c588d9,3076.65,308.69,9,Electronics,Cameras,UPI
7004da85-91fd-4dd6-84e5-ed5b92db80a8,1716.93,91.89,3,Furniture,Sofas,Credit Card
2c135310-b5b3-471a-9466-a8e331849c70,1870.99,447.57,3,Clothing,Jackets,UPI
e973538f-25ec-40eb-89dd-22f96b657b3b,1932.92,459.63,10,Clothing,Trousers,Net Banking
58b6752b-3ea5-4708-b51b-f910d2122c82,408.31,82.48,9,Groceries,Fruits,Debit Card
fa03f273-ed4b-42f3-8fde-26145e4544cd,1599.81,210.05,8,Electronics,Laptops,Debit Card
45b88a0a-8a9b-4377-b052-450412859b55,3722.75,246.72,6,Electronics,Laptops,Cash
7bdd957e-ded4-4dbb-a313-a6434b1d2c9e,3453.78,502.09,8,Books,Comics,Debit Card
45bb08ba-4608-49b4-bf72-24e891991246,2089.38,401.17,3,Furniture,Sofas,Credit Card
e0879499-577e-43dc-8227-7c7b989b35b4,1210.13,170.96,9,Electronics,Mobiles,Debit Card
09e53df7-a071-4e91-ad88-77169a679732,912.3,211.06,3,Groceries,Vegetables,UPI
12cb1643-63ef-47c6-bf12-16150a3a7823,4405.01,576.72,9,Furniture,Tables,Net Banking
3d014bee-0cb2-4a15-800d-6959ef88d286,1687.01,390.03,8,Electronics,Cameras,Net Banking
e5ac36ad-ea3f-453d-a631-d7e49b26c535,4879.5,307.39,7,Books,Non-Fiction,Debit Card
26aa5ad9-1e0c-41f3-97cd-6be259b899a6,4055.61,348.13,8,Furniture,Chairs,UPI
c6b770d3-a60d-4160-ab9e-15c82f150fbf,2428.99,136.6,9,Electronics,Laptops,UPI
8e23e44b-db23-4d96-a419-01f5263875a8,339.98,80.06,5,Electronics,Cameras,Net Banking
02e67d1c-4328-4190-a92c-f3d6681f131b,272.39,33.68,8,Electronics,Laptops,Net Banking
5d9da13a-5119-4c5e-82ea-7cfde638f98d,330.75,82.07,10,Clothing,Shirts,Cash
5da08161-291b-4a1a-9efa-ab75afb20395,4528.19,1017.58,4,Furniture,Chairs,Cash
75a6d218-7554-444b-b3fc-1343f6a54f97,131.06,29.58,8,Groceries,Snacks,Credit Card
421f79c8-d15c-4b56-8dd9-280c142d8a4f,4041.79,925.73,2,Electronics,Mobiles,Debit Card
6df67051-833a-4e89-918b-2167c55f8956,173.31,38.52,10,Books,Non-Fiction,Net Banking
9a02b14c-0a39-43fa-941f-59cedad11f2c,244.93,50.46,7,Books,Non-Fiction,Credit Card
23bc80fc-adea-4dff-8229-aaf6c39025a3,745.01,55.01,6,Books,Comics,Credit Card
c02b6a63-48f7-40ad-b6f8-1c73e9576784,4216.65,503.31,5,Groceries,Vegetables,Cash
6f246b17-bf29-4caf-8212-38b1d19f51fa,2562.91,586.46,1,Clothing,Trousers,Credit Card
3b9bf312-403b-4649-b7bd-238ff7b528a9,3715.38,203.08,5,Groceries,Snacks,Cash
0f4de748-47ff-4c47-9222-10ae2c2740fc,4141.3,335.65,7,Groceries,Fruits,Net Banking
f0e7d670-12a2-463f-a330-8ebe50457f62,1552.26,371.04,9,Clothing,Shirts,Cash
a42b2a0e-95fc-4479-a54f-3ee2b7e377f8,4227.2,1007.75,4,Groceries,Snacks,Credit Card
e7d9265e-0107-4a03-a54d-3bc2be608bcb,3225.58,596.63,2,Furniture,Sofas,Credit Card
ecd79333-2b42-49f6-8278-f6994994ed70,1990.49,317.64,6,Furniture,Tables,Net Banking
1c8ce024-661f-42e6-b8fe-7ba9bc0aeb22,1872.56,396.28,4,Books,Comics,Credit Card
cf2191a8-0cad-4257-83bb-41651833d71b,105.27,7.36,3,Books,Non-Fiction,UPI
53e41285-d4b0-4b2c-8ee7-27108dbcfe1b,3333.32,262.3,9,Electronics,Cameras,Credit Card
7f39f916-e327-4b2a-bab0-2d68ed4f83b1,1227.17,136.14,4,Electronics,Mobiles,Credit Card
30fce4c8-a4da-498c-a7fb-9fac8905a785,4341.17,418.58,4,Electronics,Laptops,Cash
45ee3729-8724-474d-a9a8-4b53adc22eb9,442.44,37.32,6,Books,Comics,UPI
63ad96fc-7356-4ace-9626-6f030eaa8d5c,1883.23,174.63,10,Electronics,Laptops,UPI
d957403e-dd88-419c-bec8-95d70a7faa67,4532.44,1050.01,3,Books,Comics,UPI
3c0ff8df-4783-4d2d-9428-b173aa34fa37,2904.28,688.97,8,Clothing,Trousers,Credit Card
31302e81-80d3-4f39-af1d-230ce7dd78f3,4548.77,432.96,7,Clothing,Jackets,Net Banking
af126c03-9c60-4651-9cf3-6cbbc6aee8b8,2173.78,261.07,7,Groceries,Fruits,Debit Card
4c5fc965-ae9b-445a-a6ac-85f4b8e2592f,1965.42,169.18,1,Furniture,Chairs,Cash
f14c9b88-c6ea-45c2-af0b-3481f9b43363,3667.29,290.8,5,Furniture,Sofas,Debit Card
e5c9a4d5-5fc9-4def-9e99-765d16633598,3708.56,891.44,6,Clothing,Jackets,Credit Card
de927533-b035-46dd-aadd-e91efc5c1c22,3373.22,492.44,9,Furniture,Tables,Credit Card
5f7f692c-f18b-4710-91e8-bcb325fb936b,4322.37,412.57,3,Furniture,Chairs,UPI
981f9599-dc86-45e5-aab3-7ff0b358e710,4883.03,413.31,2,Electronics,Laptops,UPI
8adfe264-47a3-46da-ba02-36dfd5ccd746,4800.29,1068.05,4,Books,Comics,Credit Card
bf799209-8bf8-4764-b4a0-d56c880c4f92,3777.02,890.71,7,Electronics,Cameras,Debit Card
ef3eaee0-3bab-4f84-b4f5-5ebaa9c85291,3007.48,465.07,3,Books,Non-Fiction,Debit Card
a8773326-2327-4e15-b14e-e2c594c55828,4614.04,1131.81,7,Groceries,Fruits,Cash
4fd40e5f-dedd-4202-81b1-1ae8c921b190,3680.78,413.99,3,Clothing,Trousers,Credit Card
2cbb535b-865a-44ad-bcaa-7689f6a0c1d5,992.77,219.76,4,Furniture,Tables,Net Banking
d9916881-917d-4d66-9162-4bcf73594cbb,4467.22,384.04,6,Electronics,Cameras,Cash
5940954f-3189-4bda-b55f-b0581318483e,4971.54,663.55,7,Books,Non-Fiction,Net Banking
ab605295-fca2-4f20-b29b-ba43e6bb7320,4307.15,847.57,6,Groceries,Fruits,Cash
415dd3e2-ec37-409c-a4aa-108721b3637c,4490.56,950.52,2,Furniture,Sofas,UPI
3926b15f-7df4-43cc-81e5-2f90f82e4811,3577.31,214.85,8,Groceries,Fruits,Credit Card
4695c65d-530f-4278-8b2d-a7c866973b39,3295.88,391.35,7,Clothing,Trousers,Debit Card
429ec5e3-bd1a-4604-891f-f258e8999601,1175.18,147.78,4,Electronics,Laptops,Debit Card
aa7c31a4-09e4-48e5-9f41-572290dd1f98,3167.65,431.25,6,Groceries,Fruits,Credit Card
7ac794df-1940-48a9-9eb1-6f9eb36e520c,1924.67,206.57,8,Books,Non-Fiction,Debit Card
93ce43b6-2ee9-4140-9c9a-b54581f2af4a,254.28,59.78,9,Furniture,Sofas,UPI
fcf6bc25-d90a-4365-8ffe-78ec9207c73f,843.1,53.63,7,Furniture,Sofas,Net Banking
8c9f982a-7473-43fa-857e-ceab842ee83e,4732.14,614.36,4,Furniture,Tables,Credit Card
1da8413b-d0cd-42ec-8891-a7b9a1380870,4958.59,831.53,8,Electronics,Laptops,Net Banking
2b029a0c-c720-4645-b2af-af76c398dd08,922.06,64.16,7,Electronics,Cameras,Debit Card
2062bd8f-e6af-4a88-a777-a62bb9003041,829.42,201.72,4,Clothing,Shirts,Net Banking
37dffd3d-860d-478a-aba0-ed8e23fef2df,4275.41,546.41,6,Electronics,Mobiles,Credit Card
e4ce9d14-9673-4ada-9024-8f290e95c465,213.91,17.77,10,Books,Comics,UPI
70a48550-7c4e-4ea5-b0fb-790ae3b877a0,4692.7,291.84,7,Furniture,Tables,Credit Card
3ab6258b-6486-4e6c-93b1-43acba3d5d89,2574.6,443.12,10,Groceries,Snacks,Net Banking
adcd6786-6808-4f79-b072-73ac72837da2,1266.69,199.31,10,Groceries,Fruits,UPI
401667c8-d11c-4175-95a1-040c82fe1d26,2147.01,139.21,4,Clothing,Shirts,UPI
1a58509c-5110-4b77-83fd-d5f1790bedee,4174.2,666.92,6,Groceries,Vegetables,Net Banking
1d9db212-0ff0-48c8-85e8-585a5b78c9ee,1378.83,114.42,8,Furniture,Chairs,Net Banking
4f6d128b-6de0-420e-8868-7835f4d408ad,4310.13,824.61,3,Books,Comics,UPI
